URL,Pick
https://nationalcareersservice.direct.gov.uk/advice/planning/jobprofiles/Pages/AccommodationWarden.aspx,832
https://nationalcareersservice.direct.gov.uk/advice/planning/jobprofiles/Pages/AccountingTechnician.aspx,426
https://nationalcareersservice.direct.gov.uk/advice/planning/jobprofiles/Pages/AccountsClerk-bookkeeper.aspx,544
https://nationalcareersservice.direct.gov.uk/advice/planning/jobprofiles/Pages/AcousticsConsultant.aspx,67
https://nationalcareersservice.direct.gov.uk/advice/planning/jobprofiles/Pages/Actor.aspx,313
https://nationalcareersservice.direct.gov.uk/advice/planning/jobprofiles/Pages/Actuary.aspx,369
https://nationalcareersservice.direct.gov.uk/advice/planning/jobprofiles/Pages/Acupuncturist.aspx,512
https://nationalcareersservice.direct.gov.uk/advice/planning/jobprofiles/Pages/AdministrativeAssistant.aspx,431
https://nationalcareersservice.direct.gov.uk/advice/planning/jobprofiles/Pages/AdultNurse.aspx,172
https://nationalcareersservice.direct.gov.uk/advice/planning/jobprofiles/Pages/Adultnurse.aspx,799
https://nationalcareersservice.direct.gov.uk/advice/planning/jobprofiles/Pages/AdvertisingAccountExecutive.aspx,34
https://nationalcareersservice.direct.gov.uk/advice/planning/jobprofiles/Pages/AdvertisingAccountPlanner.aspx,601
https://nationalcareersservice.direct.gov.uk/advice/planning/jobprofiles/Pages/AdvertisingArtDirector.aspx,620
https://nationalcareersservice.direct.gov.uk/advice/planning/jobprofiles/Pages/AdvertisingCopywriter.aspx,594
https://nationalcareersservice.direct.gov.uk/advice/planning/jobprofiles/Pages/AdvertisingMediaBuyer.aspx,351
https://nationalcareersservice.direct.gov.uk/advice/planning/jobprofiles/Pages/AdvertisingMediaPlanner.aspx,358
https://nationalcareersservice.direct.gov.uk/advice/planning/jobprofiles/Pages/AerospaceEngineer.aspx,697
https://nationalcareersservice.direct.gov.uk/advice/planning/jobprofiles/Pages/AerospaceEngineeringTechnician.aspx,593
https://nationalcareersservice.direct.gov.uk/advice/planning/jobprofiles/Pages/AgriculturalContractor.aspx,185
https://nationalcareersservice.direct.gov.uk/advice/planning/jobprofiles/Pages/AgriculturalEngineer.aspx,465
https://nationalcareersservice.direct.gov.uk/advice/planning/jobprofiles/Pages/AgriculturalEngineeringTechnician.aspx,736
https://nationalcareersservice.direct.gov.uk/advice/planning/jobprofiles/Pages/AgriculturalInspector.aspx,531
https://nationalcareersservice.direct.gov.uk/advice/planning/jobprofiles/Pages/AirCabinCrew.aspx,472
https://nationalcareersservice.direct.gov.uk/advice/planning/jobprofiles/Pages/AirlineCustomerServiceAgent.aspx,634
https://nationalcareersservice.direct.gov.uk/advice/planning/jobprofiles/Pages/AirlinePilot.aspx,732
https://nationalcareersservice.direct.gov.uk/advice/planning/jobprofiles/Pages/AirportBaggageHandler.aspx,342
https://nationalcareersservice.direct.gov.uk/advice/planning/jobprofiles/Pages/AirportInformationAssistant.aspx,780
https://nationalcareersservice.direct.gov.uk/advice/planning/jobprofiles/Pages/AirTrafficController.aspx,607
https://nationalcareersservice.direct.gov.uk/advice/planning/jobprofiles/Pages/AlexanderTechniqueTeacher.aspx,757
https://nationalcareersservice.direct.gov.uk/advice/planning/jobprofiles/Pages/AmbulanceCareAssistant.aspx,491
https://nationalcareersservice.direct.gov.uk/advice/planning/jobprofiles/Pages/ambulanceparamedic.aspx,274
https://nationalcareersservice.direct.gov.uk/advice/planning/jobprofiles/Pages/AmbulanceParamedic.aspx,745
https://nationalcareersservice.direct.gov.uk/advice/planning/jobprofiles/Pages/Anaesthetist.aspx,329
https://nationalcareersservice.direct.gov.uk/advice/planning/jobprofiles/Pages/AnalyticalTextileTechnologist.aspx,245
https://nationalcareersservice.direct.gov.uk/advice/planning/jobprofiles/Pages/AnatomicalPathologyTechnician.aspx,137
https://nationalcareersservice.direct.gov.uk/advice/planning/jobprofiles/Pages/AnimalCareWorker.aspx,157
https://nationalcareersservice.direct.gov.uk/advice/planning/jobprofiles/Pages/AnimalTechnician.aspx,91
https://nationalcareersservice.direct.gov.uk/advice/planning/jobprofiles/Pages/Animator.aspx,727
https://nationalcareersservice.direct.gov.uk/advice/planning/jobprofiles/Pages/AntiqueDealer.aspx,22
https://nationalcareersservice.direct.gov.uk/advice/planning/jobprofiles/Pages/arboriculturalofficer.aspx,693
https://nationalcareersservice.direct.gov.uk/advice/planning/jobprofiles/Pages/Archaeologist.aspx,270
https://nationalcareersservice.direct.gov.uk/advice/planning/jobprofiles/Pages/Architect.aspx,644
https://nationalcareersservice.direct.gov.uk/advice/planning/jobprofiles/Pages/ArchitecturalTechnicianorTechnologist.aspx,142
https://nationalcareersservice.direct.gov.uk/advice/planning/jobprofiles/Pages/Archivist.aspx,510
https://nationalcareersservice.direct.gov.uk/advice/planning/jobprofiles/Pages/ArmyOfficer.aspx,461
https://nationalcareersservice.direct.gov.uk/advice/planning/jobprofiles/Pages/ArmySoldier.aspx,169
https://nationalcareersservice.direct.gov.uk/advice/planning/jobprofiles/Pages/Aromatherapist.aspx,52
https://nationalcareersservice.direct.gov.uk/advice/planning/jobprofiles/Pages/ArtEditor.aspx,105
https://nationalcareersservice.direct.gov.uk/advice/planning/jobprofiles/Pages/ArtGalleryCurator.aspx,824
https://nationalcareersservice.direct.gov.uk/advice/planning/jobprofiles/Pages/ArtsAdministrator.aspx,558
https://nationalcareersservice.direct.gov.uk/advice/planning/jobprofiles/Pages/ArtTherapist.aspx,531
https://nationalcareersservice.direct.gov.uk/advice/planning/jobprofiles/Pages/ArtValuer.aspx,776
https://nationalcareersservice.direct.gov.uk/advice/planning/jobprofiles/Pages/AssistanceDogTrainer.aspx,53
https://nationalcareersservice.direct.gov.uk/advice/planning/jobprofiles/Pages/AssistantImmigrationOfficer.aspx,669
https://nationalcareersservice.direct.gov.uk/advice/planning/jobprofiles/Pages/astronaut.aspx,452
https://nationalcareersservice.direct.gov.uk/advice/planning/jobprofiles/Pages/Astronomer.aspx,748
https://nationalcareersservice.direct.gov.uk/advice/planning/jobprofiles/Pages/Audio-visualTechnician.aspx,726
https://nationalcareersservice.direct.gov.uk/advice/planning/jobprofiles/Pages/Audiologist.aspx,560
https://nationalcareersservice.direct.gov.uk/advice/planning/jobprofiles/Pages/Auditor.aspx,311
https://nationalcareersservice.direct.gov.uk/advice/planning/jobprofiles/Pages/AutoElectrician.aspx,690
https://nationalcareersservice.direct.gov.uk/advice/planning/jobprofiles/Pages/AutomotiveEngineer.aspx,634
https://nationalcareersservice.direct.gov.uk/advice/planning/jobprofiles/Pages/Bailiff.aspx,276
https://nationalcareersservice.direct.gov.uk/advice/planning/jobprofiles/Pages/Baker.aspx,460
https://nationalcareersservice.direct.gov.uk/advice/planning/jobprofiles/Pages/BankingCustomerServiceAdviser.aspx,400
https://nationalcareersservice.direct.gov.uk/advice/planning/jobprofiles/Pages/BankManager.aspx,512
https://nationalcareersservice.direct.gov.uk/advice/planning/jobprofiles/Pages/barista.aspx,410
https://nationalcareersservice.direct.gov.uk/advice/planning/jobprofiles/Pages/BarPerson.aspx,821
https://nationalcareersservice.direct.gov.uk/advice/planning/jobprofiles/Pages/Barrister.aspx,424
https://nationalcareersservice.direct.gov.uk/advice/planning/jobprofiles/Pages/Barristers%27Clerk.aspx,664
https://nationalcareersservice.direct.gov.uk/advice/planning/jobprofiles/Pages/BeautyConsultant.aspx,175
https://nationalcareersservice.direct.gov.uk/advice/planning/jobprofiles/Pages/BeautyTherapist.aspx,247
https://nationalcareersservice.direct.gov.uk/advice/planning/jobprofiles/Pages/beekeeper.aspx,242
https://nationalcareersservice.direct.gov.uk/advice/planning/jobprofiles/Pages/BettingShopCashier.aspx,722
https://nationalcareersservice.direct.gov.uk/advice/planning/jobprofiles/Pages/bidwriter.aspx,615
https://nationalcareersservice.direct.gov.uk/advice/planning/jobprofiles/Pages/BilingualSecretary.aspx,743
https://nationalcareersservice.direct.gov.uk/advice/planning/jobprofiles/Pages/Biochemist.aspx,700
https://nationalcareersservice.direct.gov.uk/advice/planning/jobprofiles/Pages/Biologist.aspx,295
https://nationalcareersservice.direct.gov.uk/advice/planning/jobprofiles/Pages/BiomedicalScientist.aspx,393
https://nationalcareersservice.direct.gov.uk/advice/planning/jobprofiles/Pages/Biotechnologist.aspx,662
https://nationalcareersservice.direct.gov.uk/advice/planning/jobprofiles/Pages/Blacksmith.aspx,51
https://nationalcareersservice.direct.gov.uk/advice/planning/jobprofiles/Pages/Bodyguard.aspx,601
https://nationalcareersservice.direct.gov.uk/advice/planning/jobprofiles/Pages/BodyPiercer.aspx,186
https://nationalcareersservice.direct.gov.uk/advice/planning/jobprofiles/Pages/bombdisposaltechnician.aspx,153
https://nationalcareersservice.direct.gov.uk/advice/planning/jobprofiles/Pages/BookbinderorPrintFinisher.aspx,808
https://nationalcareersservice.direct.gov.uk/advice/planning/jobprofiles/Pages/Bookmaker.aspx,487
https://nationalcareersservice.direct.gov.uk/advice/planning/jobprofiles/Pages/Bookseller.aspx,261
https://nationalcareersservice.direct.gov.uk/advice/planning/jobprofiles/Pages/BorderForceOfficerorAssistantOfficer.aspx,537
https://nationalcareersservice.direct.gov.uk/advice/planning/jobprofiles/Pages/Botanist.aspx,265
https://nationalcareersservice.direct.gov.uk/advice/planning/jobprofiles/Pages/Bottler.aspx,283
https://nationalcareersservice.direct.gov.uk/advice/planning/jobprofiles/Pages/BreweryWorker.aspx,369
https://nationalcareersservice.direct.gov.uk/advice/planning/jobprofiles/Pages/Bricklayer.aspx,284
https://nationalcareersservice.direct.gov.uk/advice/planning/jobprofiles/Pages/BritishSignLanguageInterpreter.aspx,222
https://nationalcareersservice.direct.gov.uk/advice/planning/jobprofiles/Pages/BroadcastEngineer.aspx,796
https://nationalcareersservice.direct.gov.uk/advice/planning/jobprofiles/Pages/BroadcastJournalist.aspx,574
https://nationalcareersservice.direct.gov.uk/advice/planning/jobprofiles/Pages/Builders%27Merchant.aspx,568
https://nationalcareersservice.direct.gov.uk/advice/planning/jobprofiles/Pages/BuildingControlOfficer.aspx,531
https://nationalcareersservice.direct.gov.uk/advice/planning/jobprofiles/Pages/BuildingServicesEngineer.aspx,548
https://nationalcareersservice.direct.gov.uk/advice/planning/jobprofiles/Pages/BuildingSurveyor.aspx,213
https://nationalcareersservice.direct.gov.uk/advice/planning/jobprofiles/Pages/BuildingTechnician.aspx,366
https://nationalcareersservice.direct.gov.uk/advice/planning/jobprofiles/Pages/Business-development-manager.aspx,238
https://nationalcareersservice.direct.gov.uk/advice/planning/jobprofiles/Pages/BusinessAdviser.aspx,530
https://nationalcareersservice.direct.gov.uk/advice/planning/jobprofiles/Pages/businessanalyst.aspx,812
https://nationalcareersservice.direct.gov.uk/advice/planning/jobprofiles/Pages/BusorCoachDriver.aspx,776
https://nationalcareersservice.direct.gov.uk/advice/planning/jobprofiles/Pages/Butcher.aspx,737
https://nationalcareersservice.direct.gov.uk/advice/planning/jobprofiles/Pages/Butler.aspx,401
https://nationalcareersservice.direct.gov.uk/advice/planning/jobprofiles/Pages/CADTechnician.aspx,324
https://nationalcareersservice.direct.gov.uk/advice/planning/jobprofiles/Pages/cakedecorator.aspx,658
https://nationalcareersservice.direct.gov.uk/advice/planning/jobprofiles/Pages/CallCentreOperator.aspx,416
https://nationalcareersservice.direct.gov.uk/advice/planning/jobprofiles/Pages/CareAssistant.aspx,763
https://nationalcareersservice.direct.gov.uk/advice/planning/jobprofiles/Pages/CareersAdviser.aspx,372
https://nationalcareersservice.direct.gov.uk/advice/planning/jobprofiles/Pages/CareHomeAdvocate.aspx,484
https://nationalcareersservice.direct.gov.uk/advice/planning/jobprofiles/Pages/Caretaker.aspx,505
https://nationalcareersservice.direct.gov.uk/advice/planning/jobprofiles/Pages/CarFleetManager.aspx,822
https://nationalcareersservice.direct.gov.uk/advice/planning/jobprofiles/Pages/CarpenterorJoiner.aspx,96
https://nationalcareersservice.direct.gov.uk/advice/planning/jobprofiles/Pages/CarpetFitter-FloorLayer.aspx,626
https://nationalcareersservice.direct.gov.uk/advice/planning/jobprofiles/Pages/CarRentalAgent.aspx,306
https://nationalcareersservice.direct.gov.uk/advice/planning/jobprofiles/Pages/CarSalesperson.aspx,455
https://nationalcareersservice.direct.gov.uk/advice/planning/jobprofiles/Pages/Cartographer.aspx,364
https://nationalcareersservice.direct.gov.uk/advice/planning/jobprofiles/Pages/CarValet.aspx,441
https://nationalcareersservice.direct.gov.uk/advice/planning/jobprofiles/Pages/cateringmanager.aspx,543
https://nationalcareersservice.direct.gov.uk/advice/planning/jobprofiles/Pages/CavityInsulationInstaller.aspx,785
https://nationalcareersservice.direct.gov.uk/advice/planning/jobprofiles/Pages/CeilingFixer.aspx,484
https://nationalcareersservice.direct.gov.uk/advice/planning/jobprofiles/Pages/CellarTechnician.aspx,718
https://nationalcareersservice.direct.gov.uk/advice/planning/jobprofiles/Pages/CemeteryWorker.aspx,425
https://nationalcareersservice.direct.gov.uk/advice/planning/jobprofiles/Pages/CeramicsDesigner-Maker.aspx,303
https://nationalcareersservice.direct.gov.uk/advice/planning/jobprofiles/Pages/CharityFundraiser.aspx,805
https://nationalcareersservice.direct.gov.uk/advice/planning/jobprofiles/Pages/Chauffeur.aspx,303
https://nationalcareersservice.direct.gov.uk/advice/planning/jobprofiles/Pages/CheckoutOperator.aspx,641
https://nationalcareersservice.direct.gov.uk/advice/planning/jobprofiles/Pages/Chef.aspx,476
https://nationalcareersservice.direct.gov.uk/advice/planning/jobprofiles/Pages/ChemicalEngineer.aspx,578
https://nationalcareersservice.direct.gov.uk/advice/planning/jobprofiles/Pages/ChemicalEngineeringTechnician.aspx,778
https://nationalcareersservice.direct.gov.uk/advice/planning/jobprofiles/Pages/ChemicalPlantProcessOperator.aspx,530
https://nationalcareersservice.direct.gov.uk/advice/planning/jobprofiles/Pages/Chemist.aspx,555
https://nationalcareersservice.direct.gov.uk/advice/planning/jobprofiles/Pages/Childminder.aspx,297
https://nationalcareersservice.direct.gov.uk/advice/planning/jobprofiles/Pages/Children%27sNurse.aspx,342
https://nationalcareersservice.direct.gov.uk/advice/planning/jobprofiles/Pages/Children%27sNurse.aspx,665
https://nationalcareersservice.direct.gov.uk/advice/planning/jobprofiles/Pages/ChimneySweep.aspx,729
https://nationalcareersservice.direct.gov.uk/advice/planning/jobprofiles/Pages/Chiropodist-podiatrist.aspx,610
https://nationalcareersservice.direct.gov.uk/advice/planning/jobprofiles/Pages/chiropodist-podiatrist.aspx,711
https://nationalcareersservice.direct.gov.uk/advice/planning/jobprofiles/Pages/chiropody-podiatry-assistant.aspx,15
https://nationalcareersservice.direct.gov.uk/advice/planning/jobprofiles/Pages/chiropody-podiatry-assistant.aspx,680
https://nationalcareersservice.direct.gov.uk/advice/planning/jobprofiles/Pages/Chiropractor.aspx,2
https://nationalcareersservice.direct.gov.uk/advice/planning/jobprofiles/Pages/Choreographer.aspx,56
https://nationalcareersservice.direct.gov.uk/advice/planning/jobprofiles/Pages/Cinema-TheatreAttendant.aspx,104
https://nationalcareersservice.direct.gov.uk/advice/planning/jobprofiles/Pages/Cinemaprojectionist.aspx,61
https://nationalcareersservice.direct.gov.uk/advice/planning/jobprofiles/Pages/Cinematographer.aspx,215
https://nationalcareersservice.direct.gov.uk/advice/planning/jobprofiles/Pages/CircusPerformer.aspx,758
https://nationalcareersservice.direct.gov.uk/advice/planning/jobprofiles/Pages/CivilEnforcementOfficer.aspx,697
https://nationalcareersservice.direct.gov.uk/advice/planning/jobprofiles/Pages/CivilEngineer.aspx,322
https://nationalcareersservice.direct.gov.uk/advice/planning/jobprofiles/Pages/CivilEngineeringTechnician.aspx,467
https://nationalcareersservice.direct.gov.uk/advice/planning/jobprofiles/Pages/CivilServiceAdministrativeOfficer.aspx,24
https://nationalcareersservice.direct.gov.uk/advice/planning/jobprofiles/Pages/CivilServiceExecutiveOfficer.aspx,636
https://nationalcareersservice.direct.gov.uk/advice/planning/jobprofiles/Pages/ClassicalMusician.aspx,383
https://nationalcareersservice.direct.gov.uk/advice/planning/jobprofiles/Pages/Cleaner.aspx,312
https://nationalcareersservice.direct.gov.uk/advice/planning/jobprofiles/Pages/ClerkofWorks.aspx,789
https://nationalcareersservice.direct.gov.uk/advice/planning/jobprofiles/Pages/ClinicalEngineer.aspx,766
https://nationalcareersservice.direct.gov.uk/advice/planning/jobprofiles/Pages/ClinicalPsychologist.aspx,822
https://nationalcareersservice.direct.gov.uk/advice/planning/jobprofiles/Pages/ClinicalScientist.aspx,361
https://nationalcareersservice.direct.gov.uk/advice/planning/jobprofiles/Pages/ClothingAlterationHand.aspx,602
https://nationalcareersservice.direct.gov.uk/advice/planning/jobprofiles/Pages/Clothingpresser.aspx,819
https://nationalcareersservice.direct.gov.uk/advice/planning/jobprofiles/Pages/CNCMachinist.aspx,24
https://nationalcareersservice.direct.gov.uk/advice/planning/jobprofiles/Pages/Coastguard.aspx,593
https://nationalcareersservice.direct.gov.uk/advice/planning/jobprofiles/Pages/Cognitive-behavioural-therapist.aspx,391
https://nationalcareersservice.direct.gov.uk/advice/planning/jobprofiles/Pages/ColonHydrotherapist.aspx,104
https://nationalcareersservice.direct.gov.uk/advice/planning/jobprofiles/Pages/ColourTherapist.aspx,440
https://nationalcareersservice.direct.gov.uk/advice/planning/jobprofiles/Pages/CommercialEnergyAssessor.aspx,753
https://nationalcareersservice.direct.gov.uk/advice/planning/jobprofiles/Pages/CommissioningEditor.aspx,168
https://nationalcareersservice.direct.gov.uk/advice/planning/jobprofiles/Pages/CommunicationSupportWorker.aspx,135
https://nationalcareersservice.direct.gov.uk/advice/planning/jobprofiles/Pages/CommunityArtsWorker.aspx,770
https://nationalcareersservice.direct.gov.uk/advice/planning/jobprofiles/Pages/CommunityDevelopmentWorker.aspx,78
https://nationalcareersservice.direct.gov.uk/advice/planning/jobprofiles/Pages/communityeducationcoordinator.aspx,103
https://nationalcareersservice.direct.gov.uk/advice/planning/jobprofiles/Pages/CommunityMatron.aspx,216
https://nationalcareersservice.direct.gov.uk/advice/planning/jobprofiles/Pages/CommunityTransportDriver.aspx,822
https://nationalcareersservice.direct.gov.uk/advice/planning/jobprofiles/Pages/CommunityTransportOperationsManager.aspx,102
https://nationalcareersservice.direct.gov.uk/advice/planning/jobprofiles/Pages/CommunityTransportPassengerAssistant.aspx,349
https://nationalcareersservice.direct.gov.uk/advice/planning/jobprofiles/Pages/CompanySecretary.aspx,490
https://nationalcareersservice.direct.gov.uk/advice/planning/jobprofiles/Pages/ComputerGamesDeveloper.aspx,440
https://nationalcareersservice.direct.gov.uk/advice/planning/jobprofiles/Pages/ComputerGamesTester.aspx,344
https://nationalcareersservice.direct.gov.uk/advice/planning/jobprofiles/Pages/ComputerServiceandRepairTechnician.aspx,3
https://nationalcareersservice.direct.gov.uk/advice/planning/jobprofiles/Pages/ConferenceandExhibitionOrganiser.aspx,814
https://nationalcareersservice.direct.gov.uk/advice/planning/jobprofiles/Pages/Conservator.aspx,663
https://nationalcareersservice.direct.gov.uk/advice/planning/jobprofiles/Pages/ConstructionContractsManager.aspx,235
https://nationalcareersservice.direct.gov.uk/advice/planning/jobprofiles/Pages/ConstructionManager.aspx,418
https://nationalcareersservice.direct.gov.uk/advice/planning/jobprofiles/Pages/ConstructionOperative.aspx,738
https://nationalcareersservice.direct.gov.uk/advice/planning/jobprofiles/Pages/ConstructionPlantMechanic.aspx,261
https://nationalcareersservice.direct.gov.uk/advice/planning/jobprofiles/Pages/ConstructionPlantOperator.aspx,62
https://nationalcareersservice.direct.gov.uk/advice/planning/jobprofiles/Pages/ConsumerScientist.aspx,439
https://nationalcareersservice.direct.gov.uk/advice/planning/jobprofiles/Pages/CopyEditor.aspx,144
https://nationalcareersservice.direct.gov.uk/advice/planning/jobprofiles/Pages/Coroner.aspx,105
https://nationalcareersservice.direct.gov.uk/advice/planning/jobprofiles/Pages/CostumeDesigner.aspx,598
https://nationalcareersservice.direct.gov.uk/advice/planning/jobprofiles/Pages/Counsellor.aspx,457
https://nationalcareersservice.direct.gov.uk/advice/planning/jobprofiles/Pages/CounterServiceAssistant.aspx,380
https://nationalcareersservice.direct.gov.uk/advice/planning/jobprofiles/Pages/CountrysideOfficer.aspx,828
https://nationalcareersservice.direct.gov.uk/advice/planning/jobprofiles/Pages/CountrysideRanger.aspx,354
https://nationalcareersservice.direct.gov.uk/advice/planning/jobprofiles/Pages/Courier.aspx,743
https://nationalcareersservice.direct.gov.uk/advice/planning/jobprofiles/Pages/CourtAdministrativeOfficer.aspx,122
https://nationalcareersservice.direct.gov.uk/advice/planning/jobprofiles/Pages/CourtLegalAdviser.aspx,561
https://nationalcareersservice.direct.gov.uk/advice/planning/jobprofiles/Pages/CourtUsher.aspx,767
https://nationalcareersservice.direct.gov.uk/advice/planning/jobprofiles/Pages/CreditController.aspx,551
https://nationalcareersservice.direct.gov.uk/advice/planning/jobprofiles/Pages/CreditManager.aspx,622
https://nationalcareersservice.direct.gov.uk/advice/planning/jobprofiles/Pages/CrematoriumTechnician.aspx,206
https://nationalcareersservice.direct.gov.uk/advice/planning/jobprofiles/Pages/CriminalIntelligenceAnalyst.aspx,430
https://nationalcareersservice.direct.gov.uk/advice/planning/jobprofiles/Pages/CriticalCareTechnologist.aspx,569
https://nationalcareersservice.direct.gov.uk/advice/planning/jobprofiles/Pages/Croupier.aspx,678
https://nationalcareersservice.direct.gov.uk/advice/planning/jobprofiles/Pages/CrownProsecutor.aspx,765
https://nationalcareersservice.direct.gov.uk/advice/planning/jobprofiles/Pages/CruiseShipSteward.aspx,405
https://nationalcareersservice.direct.gov.uk/advice/planning/jobprofiles/Pages/CustomerServiceAssistant.aspx,632
https://nationalcareersservice.direct.gov.uk/advice/planning/jobprofiles/Pages/CustomerServicesManager.aspx,521
https://nationalcareersservice.direct.gov.uk/advice/planning/jobprofiles/Pages/CustomsOfficer.aspx,125
https://nationalcareersservice.direct.gov.uk/advice/planning/jobprofiles/Pages/cyclemechanic.aspx,89
https://nationalcareersservice.direct.gov.uk/advice/planning/jobprofiles/Pages/cyclingcoach.aspxdancemovementpsychotherapist.aspx,307
https://nationalcareersservice.direct.gov.uk/advice/planning/jobprofiles/Pages/Dancer.aspx,555
https://nationalcareersservice.direct.gov.uk/advice/planning/jobprofiles/Pages/DanceTeacher.aspx,208
https://nationalcareersservice.direct.gov.uk/advice/planning/jobprofiles/Pages/DataAnalyst-Statistician.aspx,683
https://nationalcareersservice.direct.gov.uk/advice/planning/jobprofiles/Pages/DatabaseAdministrator.aspx,97
https://nationalcareersservice.direct.gov.uk/advice/planning/jobprofiles/Pages/DataEntryClerk.aspx,518
https://nationalcareersservice.direct.gov.uk/advice/planning/jobprofiles/Pages/DeliveryVanDriver.aspx,374
https://nationalcareersservice.direct.gov.uk/advice/planning/jobprofiles/Pages/DemolitionOperative.aspx,45
https://nationalcareersservice.direct.gov.uk/advice/planning/jobprofiles/Pages/DentalHygienist.aspx,431
https://nationalcareersservice.direct.gov.uk/advice/planning/jobprofiles/Pages/Dentalnurse.aspx,570
https://nationalcareersservice.direct.gov.uk/advice/planning/jobprofiles/Pages/DentalNurse.aspx,768
https://nationalcareersservice.direct.gov.uk/advice/planning/jobprofiles/Pages/DentalTechnician.aspx,333
https://nationalcareersservice.direct.gov.uk/advice/planning/jobprofiles/Pages/DentalTherapist.aspx,21
https://nationalcareersservice.direct.gov.uk/advice/planning/jobprofiles/Pages/Dentist.aspx,143
https://nationalcareersservice.direct.gov.uk/advice/planning/jobprofiles/Pages/DesignEngineer.aspx,27
https://nationalcareersservice.direct.gov.uk/advice/planning/jobprofiles/Pages/Dietitian.aspx,572
https://nationalcareersservice.direct.gov.uk/advice/planning/jobprofiles/Pages/digitalmarketingofficer.aspx,518
https://nationalcareersservice.direct.gov.uk/advice/planning/jobprofiles/Pages/DiplomaticServiceOfficer.aspx,596
https://nationalcareersservice.direct.gov.uk/advice/planning/jobprofiles/Pages/DispensingOptician.aspx,294
https://nationalcareersservice.direct.gov.uk/advice/planning/jobprofiles/Pages/DistrictNurse.aspx,324
https://nationalcareersservice.direct.gov.uk/advice/planning/jobprofiles/Pages/Districtnurse.aspx,695
https://nationalcareersservice.direct.gov.uk/advice/planning/jobprofiles/Pages/Diver.aspx,74
https://nationalcareersservice.direct.gov.uk/advice/planning/jobprofiles/Pages/DJ.aspx,662
https://nationalcareersservice.direct.gov.uk/advice/planning/jobprofiles/Pages/Doctor-GP.aspx,194
https://nationalcareersservice.direct.gov.uk/advice/planning/jobprofiles/Pages/DogGroomer.aspx,277
https://nationalcareersservice.direct.gov.uk/advice/planning/jobprofiles/Pages/DogHandler.aspx,220
https://nationalcareersservice.direct.gov.uk/advice/planning/jobprofiles/Pages/DomesticApplianceServiceEngineer.aspx,713
https://nationalcareersservice.direct.gov.uk/advice/planning/jobprofiles/Pages/DomesticEnergyAssessor.aspx,191
https://nationalcareersservice.direct.gov.uk/advice/planning/jobprofiles/Pages/Doorsupervisor.aspx,160
https://nationalcareersservice.direct.gov.uk/advice/planning/jobprofiles/Pages/Dramatherapist.aspx,440
https://nationalcareersservice.direct.gov.uk/advice/planning/jobprofiles/Pages/Dressmaker.aspx,142
https://nationalcareersservice.direct.gov.uk/advice/planning/jobprofiles/Pages/DrivingInstructor.aspx,588
https://nationalcareersservice.direct.gov.uk/advice/planning/jobprofiles/Pages/DrugandAlcoholWorker.aspx,551
https://nationalcareersservice.direct.gov.uk/advice/planning/jobprofiles/Pages/Dry-Cleaner.aspx,823
https://nationalcareersservice.direct.gov.uk/advice/planning/jobprofiles/Pages/DryLiner.aspx,467
https://nationalcareersservice.direct.gov.uk/advice/planning/jobprofiles/Pages/E-LearningDeveloper.aspx,823
https://nationalcareersservice.direct.gov.uk/advice/planning/jobprofiles/Pages/Earlyyearsteacher.aspx,261
https://nationalcareersservice.direct.gov.uk/advice/planning/jobprofiles/Pages/Ecologist.aspx,483
https://nationalcareersservice.direct.gov.uk/advice/planning/jobprofiles/Pages/EconomicDevelopmentOfficer.aspx,459
https://nationalcareersservice.direct.gov.uk/advice/planning/jobprofiles/Pages/Economist.aspx,20
https://nationalcareersservice.direct.gov.uk/advice/planning/jobprofiles/Pages/EditorialAssistant.aspx,167
https://nationalcareersservice.direct.gov.uk/advice/planning/jobprofiles/Pages/EducationTechnician.aspx,15
https://nationalcareersservice.direct.gov.uk/advice/planning/jobprofiles/Pages/EducationWelfareOfficer.aspx,264
https://nationalcareersservice.direct.gov.uk/advice/planning/jobprofiles/Pages/EFLTeacher.aspx,6
https://nationalcareersservice.direct.gov.uk/advice/planning/jobprofiles/Pages/ElectricalEngineer.aspx,80
https://nationalcareersservice.direct.gov.uk/advice/planning/jobprofiles/Pages/ElectricalEngineeringTechnician.aspx,613
https://nationalcareersservice.direct.gov.uk/advice/planning/jobprofiles/Pages/Electrician.aspx,589
https://nationalcareersservice.direct.gov.uk/advice/planning/jobprofiles/Pages/ElectricityDistributionWorker.aspx,151
https://nationalcareersservice.direct.gov.uk/advice/planning/jobprofiles/Pages/ElectricityGenerationWorker.aspx,476
https://nationalcareersservice.direct.gov.uk/advice/planning/jobprofiles/Pages/ElectronicsEngineer.aspx,234
https://nationalcareersservice.direct.gov.uk/advice/planning/jobprofiles/Pages/ElectronicsEngineeringTechnician.aspx,620
https://nationalcareersservice.direct.gov.uk/advice/planning/jobprofiles/Pages/Embalmer.aspx,207
https://nationalcareersservice.direct.gov.uk/advice/planning/jobprofiles/Pages/EmergencyCareAssistant.aspx,796
https://nationalcareersservice.direct.gov.uk/advice/planning/jobprofiles/Pages/EmergencyMedicalDispatcher.aspx,543
https://nationalcareersservice.direct.gov.uk/advice/planning/jobprofiles/Pages/EnergyEngineer.aspx,750
https://nationalcareersservice.direct.gov.uk/advice/planning/jobprofiles/Pages/EngineeringConstructionCraftworker.aspx,349
https://nationalcareersservice.direct.gov.uk/advice/planning/jobprofiles/Pages/EngineeringConstructionTechnician.aspx,171
https://nationalcareersservice.direct.gov.uk/advice/planning/jobprofiles/Pages/EngineeringCraftMachinist.aspx,471
https://nationalcareersservice.direct.gov.uk/advice/planning/jobprofiles/Pages/EngineeringMaintenanceFitter.aspx,721
https://nationalcareersservice.direct.gov.uk/advice/planning/jobprofiles/Pages/EngineeringMaintenanceTechnician.aspx,655
https://nationalcareersservice.direct.gov.uk/advice/planning/jobprofiles/Pages/EngineeringOperative.aspx,517
https://nationalcareersservice.direct.gov.uk/advice/planning/jobprofiles/Pages/Entertainer.aspx,680
https://nationalcareersservice.direct.gov.uk/advice/planning/jobprofiles/Pages/EntertainmentAgent.aspx,132
https://nationalcareersservice.direct.gov.uk/advice/planning/jobprofiles/Pages/Environmentalconsultant.aspx,151
https://nationalcareersservice.direct.gov.uk/advice/planning/jobprofiles/Pages/EnvironmentalHealthOfficer.aspx,389
https://nationalcareersservice.direct.gov.uk/advice/planning/jobprofiles/Pages/EqualitiesOfficer.aspx,652
https://nationalcareersservice.direct.gov.uk/advice/planning/jobprofiles/Pages/Ergonomist.aspx,196
https://nationalcareersservice.direct.gov.uk/advice/planning/jobprofiles/Pages/EstateAgent.aspx,794
https://nationalcareersservice.direct.gov.uk/advice/planning/jobprofiles/Pages/EstatesOfficer.aspx,333
https://nationalcareersservice.direct.gov.uk/advice/planning/jobprofiles/Pages/Estimator.aspx,789
https://nationalcareersservice.direct.gov.uk/advice/planning/jobprofiles/Pages/EuropeanUnionOfficial.aspx,770
https://nationalcareersservice.direct.gov.uk/advice/planning/jobprofiles/Pages/EventsManager.aspx,199
https://nationalcareersservice.direct.gov.uk/advice/planning/jobprofiles/Pages/ExhibitionDesigner.aspx,437
https://nationalcareersservice.direct.gov.uk/advice/planning/jobprofiles/Pages/FacilitiesManager.aspx,243
https://nationalcareersservice.direct.gov.uk/advice/planning/jobprofiles/Pages/FairgroundWorker.aspx,610
https://nationalcareersservice.direct.gov.uk/advice/planning/jobprofiles/Pages/FamilyMediator.aspx,183
https://nationalcareersservice.direct.gov.uk/advice/planning/jobprofiles/Pages/FamilySupportWorker.aspx,543
https://nationalcareersservice.direct.gov.uk/advice/planning/jobprofiles/Pages/FarmManager.aspx,167
https://nationalcareersservice.direct.gov.uk/advice/planning/jobprofiles/Pages/FarmSecretary.aspx,296
https://nationalcareersservice.direct.gov.uk/advice/planning/jobprofiles/Pages/FarmWorker.aspx,675
https://nationalcareersservice.direct.gov.uk/advice/planning/jobprofiles/Pages/Farrier.aspx,95
https://nationalcareersservice.direct.gov.uk/advice/planning/jobprofiles/Pages/FashionDesignAssistant.aspx,526
https://nationalcareersservice.direct.gov.uk/advice/planning/jobprofiles/Pages/FashionDesigner.aspx,407
https://nationalcareersservice.direct.gov.uk/advice/planning/jobprofiles/Pages/FashionModel.aspx,668
https://nationalcareersservice.direct.gov.uk/advice/planning/jobprofiles/Pages/FenceInstaller.aspx,713
https://nationalcareersservice.direct.gov.uk/advice/planning/jobprofiles/Pages/FinancialAdviser.aspx,280
https://nationalcareersservice.direct.gov.uk/advice/planning/jobprofiles/Pages/FinancialServicesCustomerAdviser.aspx,435
https://nationalcareersservice.direct.gov.uk/advice/planning/jobprofiles/Pages/FineArtist.aspx,734
https://nationalcareersservice.direct.gov.uk/advice/planning/jobprofiles/Pages/FingerprintOfficer.aspx,520
https://nationalcareersservice.direct.gov.uk/advice/planning/jobprofiles/Pages/Firefighter.aspx,50
https://nationalcareersservice.direct.gov.uk/advice/planning/jobprofiles/Pages/FishFarmer.aspx,335
https://nationalcareersservice.direct.gov.uk/advice/planning/jobprofiles/Pages/FishingVesselDeckhand.aspx,730
https://nationalcareersservice.direct.gov.uk/advice/planning/jobprofiles/Pages/FishingVesselSkipper.aspx,821
https://nationalcareersservice.direct.gov.uk/advice/planning/jobprofiles/Pages/FitnessInstructor.aspx,800
https://nationalcareersservice.direct.gov.uk/advice/planning/jobprofiles/Pages/Florist.aspx,800
https://nationalcareersservice.direct.gov.uk/advice/planning/jobprofiles/Pages/FoodPackagingOperative.aspx,504
https://nationalcareersservice.direct.gov.uk/advice/planning/jobprofiles/Pages/FoodProcessingWorker.aspx,19
https://nationalcareersservice.direct.gov.uk/advice/planning/jobprofiles/Pages/FoodScientist-FoodTechnologist.aspx,236
https://nationalcareersservice.direct.gov.uk/advice/planning/jobprofiles/Pages/FootballCoach.aspx,120
https://nationalcareersservice.direct.gov.uk/advice/planning/jobprofiles/Pages/Footballer.aspx,303
https://nationalcareersservice.direct.gov.uk/advice/planning/jobprofiles/Pages/FootballReferee.aspx,825
https://nationalcareersservice.direct.gov.uk/advice/planning/jobprofiles/Pages/Footballsportsagent.aspx,374
https://nationalcareersservice.direct.gov.uk/advice/planning/jobprofiles/Pages/FootwearDesigner.aspx,493
https://nationalcareersservice.direct.gov.uk/advice/planning/jobprofiles/Pages/FootwearManufacturingOperative.aspx,376
https://nationalcareersservice.direct.gov.uk/advice/planning/jobprofiles/Pages/ForensicComputerAnalyst.aspx,832
https://nationalcareersservice.direct.gov.uk/advice/planning/jobprofiles/Pages/ForensicPsychologist.aspx,236
https://nationalcareersservice.direct.gov.uk/advice/planning/jobprofiles/Pages/ForensicScientist.aspx,31
https://nationalcareersservice.direct.gov.uk/advice/planning/jobprofiles/Pages/ForestOfficer.aspx,78
https://nationalcareersservice.direct.gov.uk/advice/planning/jobprofiles/Pages/ForestWorker.aspx,129
https://nationalcareersservice.direct.gov.uk/advice/planning/jobprofiles/Pages/forklifttruckengineer.aspx,130
https://nationalcareersservice.direct.gov.uk/advice/planning/jobprofiles/Pages/ForkliftTruckOperator.aspx,236
https://nationalcareersservice.direct.gov.uk/advice/planning/jobprofiles/Pages/Fostercarer.aspx,816
https://nationalcareersservice.direct.gov.uk/advice/planning/jobprofiles/Pages/FoundryMoulder.aspx,158
https://nationalcareersservice.direct.gov.uk/advice/planning/jobprofiles/Pages/FoundryPatternmaker.aspx,421
https://nationalcareersservice.direct.gov.uk/advice/planning/jobprofiles/Pages/FoundryProcessOperator.aspx,577
https://nationalcareersservice.direct.gov.uk/advice/planning/jobprofiles/Pages/FranchiseOwner.aspx,774
https://nationalcareersservice.direct.gov.uk/advice/planning/jobprofiles/Pages/FreightForwarder.aspx,636
https://nationalcareersservice.direct.gov.uk/advice/planning/jobprofiles/Pages/FrenchPolisher.aspx,256
https://nationalcareersservice.direct.gov.uk/advice/planning/jobprofiles/Pages/FuneralDirector.aspx,333
https://nationalcareersservice.direct.gov.uk/advice/planning/jobprofiles/Pages/FurnitureDesigner.aspx,234
https://nationalcareersservice.direct.gov.uk/advice/planning/jobprofiles/Pages/FurnitureRestorer.aspx,733
https://nationalcareersservice.direct.gov.uk/advice/planning/jobprofiles/Pages/FurtherEducationLecturer.aspx,25
https://nationalcareersservice.direct.gov.uk/advice/planning/jobprofiles/Pages/Gamekeeper.aspx,726
https://nationalcareersservice.direct.gov.uk/advice/planning/jobprofiles/Pages/Gardener.aspx,364
https://nationalcareersservice.direct.gov.uk/advice/planning/jobprofiles/Pages/GarmentTechnologist.aspx,495
https://nationalcareersservice.direct.gov.uk/advice/planning/jobprofiles/Pages/gasmainslayer.aspx,31
https://nationalcareersservice.direct.gov.uk/advice/planning/jobprofiles/Pages/GasServiceTechnician.aspx,87
https://nationalcareersservice.direct.gov.uk/advice/planning/jobprofiles/Pages/GeneralPracticeSurveyor.aspx,56
https://nationalcareersservice.direct.gov.uk/advice/planning/jobprofiles/Pages/Geneticist.aspx,834
https://nationalcareersservice.direct.gov.uk/advice/planning/jobprofiles/Pages/Geoscientist.aspx,228
https://nationalcareersservice.direct.gov.uk/advice/planning/jobprofiles/Pages/Geotechnician.aspx,158
https://nationalcareersservice.direct.gov.uk/advice/planning/jobprofiles/Pages/GlassEngraver.aspx,823
https://nationalcareersservice.direct.gov.uk/advice/planning/jobprofiles/Pages/Glassmaker.aspx,110
https://nationalcareersservice.direct.gov.uk/advice/planning/jobprofiles/Pages/Glazier.aspx,500
https://nationalcareersservice.direct.gov.uk/advice/planning/jobprofiles/Pages/GPPracticeManager.aspx,30
https://nationalcareersservice.direct.gov.uk/advice/planning/jobprofiles/Pages/GrantsOfficer.aspx,112
https://nationalcareersservice.direct.gov.uk/advice/planning/jobprofiles/Pages/GraphicDesigner.aspx,708
https://nationalcareersservice.direct.gov.uk/advice/planning/jobprofiles/Pages/GroundsmanorGreenkeeper.aspx,280
https://nationalcareersservice.direct.gov.uk/advice/planning/jobprofiles/Pages/Hairdresser.aspx,632
https://nationalcareersservice.direct.gov.uk/advice/planning/jobprofiles/Pages/handyperson.aspx,651
https://nationalcareersservice.direct.gov.uk/advice/planning/jobprofiles/Pages/HatDesignerorMilliner.aspx,436
https://nationalcareersservice.direct.gov.uk/advice/planning/jobprofiles/Pages/headteacher.aspx,163
https://nationalcareersservice.direct.gov.uk/advice/planning/jobprofiles/Pages/HealthandSafetyAdviser.aspx,328
https://nationalcareersservice.direct.gov.uk/advice/planning/jobprofiles/Pages/HealthcareAssistant.aspx,797
https://nationalcareersservice.direct.gov.uk/advice/planning/jobprofiles/Pages/Healthcarescienceassistant.aspx,802
https://nationalcareersservice.direct.gov.uk/advice/planning/jobprofiles/Pages/Healthplayspecialist.aspx,111
https://nationalcareersservice.direct.gov.uk/advice/planning/jobprofiles/Pages/HealthPromotionSpecialist.aspx,279
https://nationalcareersservice.direct.gov.uk/advice/planning/jobprofiles/Pages/HealthRecordsClerk.aspx,210
https://nationalcareersservice.direct.gov.uk/advice/planning/jobprofiles/Pages/HealthServiceManager.aspx,794
https://nationalcareersservice.direct.gov.uk/advice/planning/jobprofiles/Pages/HealthTrainer.aspx,18
https://nationalcareersservice.direct.gov.uk/advice/planning/jobprofiles/Pages/HealthVisitor.aspx,415
https://nationalcareersservice.direct.gov.uk/advice/planning/jobprofiles/Pages/HeatingandVentilationEngineer.aspx,65
https://nationalcareersservice.direct.gov.uk/advice/planning/jobprofiles/Pages/HeatTreatmentOperator.aspx,654
https://nationalcareersservice.direct.gov.uk/advice/planning/jobprofiles/Pages/HelicopterPilot.aspx,182
https://nationalcareersservice.direct.gov.uk/advice/planning/jobprofiles/Pages/HelpdeskProfessional.aspx,180
https://nationalcareersservice.direct.gov.uk/advice/planning/jobprofiles/Pages/HerMajestysInspectorandRegulatoryInspector.aspx,92
https://nationalcareersservice.direct.gov.uk/advice/planning/jobprofiles/Pages/HigherEducationLecturer.aspx,741
https://nationalcareersservice.direct.gov.uk/advice/planning/jobprofiles/Pages/HighwaysCleaner.aspx,520
https://nationalcareersservice.direct.gov.uk/advice/planning/jobprofiles/Pages/Homeopath.aspx,153
https://nationalcareersservice.direct.gov.uk/advice/planning/jobprofiles/Pages/Horsegroom.aspx,212
https://nationalcareersservice.direct.gov.uk/advice/planning/jobprofiles/Pages/HorseRidingInstructor.aspx,263
https://nationalcareersservice.direct.gov.uk/advice/planning/jobprofiles/Pages/HorticulturalManager.aspx,7
https://nationalcareersservice.direct.gov.uk/advice/planning/jobprofiles/Pages/HorticulturalTherapist.aspx,645
https://nationalcareersservice.direct.gov.uk/advice/planning/jobprofiles/Pages/HorticulturalWorker.aspx,765
https://nationalcareersservice.direct.gov.uk/advice/planning/jobprofiles/Pages/HospitalDoctor.aspx,436
https://nationalcareersservice.direct.gov.uk/advice/planning/jobprofiles/Pages/HospitalPorter.aspx,672
https://nationalcareersservice.direct.gov.uk/advice/planning/jobprofiles/Pages/HotelManager.aspx,2
https://nationalcareersservice.direct.gov.uk/advice/planning/jobprofiles/Pages/HotelPorter.aspx,187
https://nationalcareersservice.direct.gov.uk/advice/planning/jobprofiles/Pages/HotelReceptionist.aspx,112
https://nationalcareersservice.direct.gov.uk/advice/planning/jobprofiles/Pages/HotelRoomAttendant.aspx,643
https://nationalcareersservice.direct.gov.uk/advice/planning/jobprofiles/Pages/Housekeeper.aspx,38
https://nationalcareersservice.direct.gov.uk/advice/planning/jobprofiles/Pages/HousingOfficer.aspx,666
https://nationalcareersservice.direct.gov.uk/advice/planning/jobprofiles/Pages/HousingPolicyOfficer.aspx,87
https://nationalcareersservice.direct.gov.uk/advice/planning/jobprofiles/Pages/HumanResourcesOfficer.aspx,97
https://nationalcareersservice.direct.gov.uk/advice/planning/jobprofiles/Pages/Hypnotherapist.aspx,72
https://nationalcareersservice.direct.gov.uk/advice/planning/jobprofiles/Pages/Illustrator.aspx,537
https://nationalcareersservice.direct.gov.uk/advice/planning/jobprofiles/Pages/ImageConsultant.aspx,571
https://nationalcareersservice.direct.gov.uk/advice/planning/jobprofiles/Pages/Immigrationadviser%28non-government%29.aspx,275
https://nationalcareersservice.direct.gov.uk/advice/planning/jobprofiles/Pages/ImmigrationOfficer.aspx,743
https://nationalcareersservice.direct.gov.uk/advice/planning/jobprofiles/Pages/Indexer.aspx,310
https://nationalcareersservice.direct.gov.uk/advice/planning/jobprofiles/Pages/InformationScientist.aspx,305
https://nationalcareersservice.direct.gov.uk/advice/planning/jobprofiles/Pages/InsuranceAccountManager.aspx,197
https://nationalcareersservice.direct.gov.uk/advice/planning/jobprofiles/Pages/InsuranceBroker.aspx,662
https://nationalcareersservice.direct.gov.uk/advice/planning/jobprofiles/Pages/InsuranceClaimsHandler.aspx,791
https://nationalcareersservice.direct.gov.uk/advice/planning/jobprofiles/Pages/InsuranceClaimsManager.aspx,196
https://nationalcareersservice.direct.gov.uk/advice/planning/jobprofiles/Pages/InsuranceLossAdjuster.aspx,611
https://nationalcareersservice.direct.gov.uk/advice/planning/jobprofiles/Pages/InsuranceRiskSurveyor.aspx,210
https://nationalcareersservice.direct.gov.uk/advice/planning/jobprofiles/Pages/InsuranceTechnician.aspx,825
https://nationalcareersservice.direct.gov.uk/advice/planning/jobprofiles/Pages/InsuranceUnderwriter.aspx,32
https://nationalcareersservice.direct.gov.uk/advice/planning/jobprofiles/Pages/InteriorDesigner.aspx,179
https://nationalcareersservice.direct.gov.uk/advice/planning/jobprofiles/Pages/Interpreter.aspx,41
https://nationalcareersservice.direct.gov.uk/advice/planning/jobprofiles/Pages/InvestmentAnalyst.aspx,762
https://nationalcareersservice.direct.gov.uk/advice/planning/jobprofiles/Pages/itprojectmanager.aspx,833
https://nationalcareersservice.direct.gov.uk/advice/planning/jobprofiles/Pages/ITSecurityCoordinator.aspx,546
https://nationalcareersservice.direct.gov.uk/advice/planning/jobprofiles/Pages/ITSupportTechnician.aspx,586
https://nationalcareersservice.direct.gov.uk/advice/planning/jobprofiles/Pages/ITTrainer.aspx,499
https://nationalcareersservice.direct.gov.uk/advice/planning/jobprofiles/Pages/KennelWorker.aspx,57
https://nationalcareersservice.direct.gov.uk/advice/planning/jobprofiles/Pages/KitchenandBathroomFitter.aspx,769
https://nationalcareersservice.direct.gov.uk/advice/planning/jobprofiles/Pages/KitchenAssistant.aspx,2
https://nationalcareersservice.direct.gov.uk/advice/planning/jobprofiles/Pages/KitchenManager%28HeadChef%29.aspx,352
https://nationalcareersservice.direct.gov.uk/advice/planning/jobprofiles/Pages/KitchenPorter.aspx,302
https://nationalcareersservice.direct.gov.uk/advice/planning/jobprofiles/Pages/LaboratoryTechnician.aspx,619
https://nationalcareersservice.direct.gov.uk/advice/planning/jobprofiles/Pages/LandandPropertyValuerandAuctioneer.aspx,180
https://nationalcareersservice.direct.gov.uk/advice/planning/jobprofiles/Pages/LandscapeArchitect.aspx,527
https://nationalcareersservice.direct.gov.uk/advice/planning/jobprofiles/Pages/Landscaper.aspx,87
https://nationalcareersservice.direct.gov.uk/advice/planning/jobprofiles/Pages/LandSurveyor.aspx,447
https://nationalcareersservice.direct.gov.uk/advice/planning/jobprofiles/Pages/LargeGoodsVehicleDriver.aspx,755
https://nationalcareersservice.direct.gov.uk/advice/planning/jobprofiles/Pages/LaundryWorker.aspx,621
https://nationalcareersservice.direct.gov.uk/advice/planning/jobprofiles/Pages/LeakageOperative.aspx,794
https://nationalcareersservice.direct.gov.uk/advice/planning/jobprofiles/Pages/LearningDisabilitynurse.aspx,30
https://nationalcareersservice.direct.gov.uk/advice/planning/jobprofiles/Pages/LearningDisabilityNurse.aspx,244
https://nationalcareersservice.direct.gov.uk/advice/planning/jobprofiles/Pages/LearningMentor.aspx,198
https://nationalcareersservice.direct.gov.uk/advice/planning/jobprofiles/Pages/LeatherCraftworker.aspx,69
https://nationalcareersservice.direct.gov.uk/advice/planning/jobprofiles/Pages/LeatherTechnologist.aspx,777
https://nationalcareersservice.direct.gov.uk/advice/planning/jobprofiles/Pages/LegalExecutive.aspx,479
https://nationalcareersservice.direct.gov.uk/advice/planning/jobprofiles/Pages/LegalSecretary.aspx,646
https://nationalcareersservice.direct.gov.uk/advice/planning/jobprofiles/Pages/LeisureCentreAssistant.aspx,21
https://nationalcareersservice.direct.gov.uk/advice/planning/jobprofiles/Pages/LeisureCentreManager.aspx,241
https://nationalcareersservice.direct.gov.uk/advice/planning/jobprofiles/Pages/LettingAgent.aspx,445
https://nationalcareersservice.direct.gov.uk/advice/planning/jobprofiles/Pages/Librarian.aspx,697
https://nationalcareersservice.direct.gov.uk/advice/planning/jobprofiles/Pages/LibraryAssistant.aspx,386
https://nationalcareersservice.direct.gov.uk/advice/planning/jobprofiles/Pages/LicensedConveyancer.aspx,739
https://nationalcareersservice.direct.gov.uk/advice/planning/jobprofiles/Pages/LifeCoach.aspx,22
https://nationalcareersservice.direct.gov.uk/advice/planning/jobprofiles/Pages/Lifeguard.aspx,797
https://nationalcareersservice.direct.gov.uk/advice/planning/jobprofiles/Pages/LiftEngineer.aspx,245
https://nationalcareersservice.direct.gov.uk/advice/planning/jobprofiles/Pages/LightIndustryAssembler.aspx,266
https://nationalcareersservice.direct.gov.uk/advice/planning/jobprofiles/Pages/LightingTechnician.aspx,686
https://nationalcareersservice.direct.gov.uk/advice/planning/jobprofiles/Pages/Livesoundengineer.aspx,312
https://nationalcareersservice.direct.gov.uk/advice/planning/jobprofiles/Pages/LocalGovernmentAdministrativeAssistant.aspx,11
https://nationalcareersservice.direct.gov.uk/advice/planning/jobprofiles/Pages/LocalGovernmentOfficer.aspx,643
https://nationalcareersservice.direct.gov.uk/advice/planning/jobprofiles/Pages/LocalGovernmentRevenuesOfficer.aspx,618
https://nationalcareersservice.direct.gov.uk/advice/planning/jobprofiles/Pages/Locksmith.aspx,527
https://nationalcareersservice.direct.gov.uk/advice/planning/jobprofiles/Pages/MachinePrinter.aspx,183
https://nationalcareersservice.direct.gov.uk/advice/planning/jobprofiles/Pages/MagazineJournalist.aspx,415
https://nationalcareersservice.direct.gov.uk/advice/planning/jobprofiles/Pages/Make-upArtist.aspx,607
https://nationalcareersservice.direct.gov.uk/advice/planning/jobprofiles/Pages/ManagementAccountant.aspx,496
https://nationalcareersservice.direct.gov.uk/advice/planning/jobprofiles/Pages/ManagementConsultant.aspx,621
https://nationalcareersservice.direct.gov.uk/advice/planning/jobprofiles/Pages/ManufacturingSupervisor.aspx,423
https://nationalcareersservice.direct.gov.uk/advice/planning/jobprofiles/Pages/ManufacturingSystemsEngineer.aspx,611
https://nationalcareersservice.direct.gov.uk/advice/planning/jobprofiles/Pages/MarineCraftsperson.aspx,401
https://nationalcareersservice.direct.gov.uk/advice/planning/jobprofiles/Pages/MarineEngineer.aspx,675
https://nationalcareersservice.direct.gov.uk/advice/planning/jobprofiles/Pages/MarineEngineeringTechnician.aspx,521
https://nationalcareersservice.direct.gov.uk/advice/planning/jobprofiles/Pages/MarketingExecutive.aspx,18
https://nationalcareersservice.direct.gov.uk/advice/planning/jobprofiles/Pages/MarketingManager.aspx,807
https://nationalcareersservice.direct.gov.uk/advice/planning/jobprofiles/Pages/MarketResearchDataAnalyst.aspx,260
https://nationalcareersservice.direct.gov.uk/advice/planning/jobprofiles/Pages/MarketResearchExecutive.aspx,414
https://nationalcareersservice.direct.gov.uk/advice/planning/jobprofiles/Pages/MarketResearchInterviewer.aspx,29
https://nationalcareersservice.direct.gov.uk/advice/planning/jobprofiles/Pages/MarketTrader.aspx,306
https://nationalcareersservice.direct.gov.uk/advice/planning/jobprofiles/Pages/MartialArtsInstructor.aspx,571
https://nationalcareersservice.direct.gov.uk/advice/planning/jobprofiles/Pages/MassageTherapist.aspx,604
https://nationalcareersservice.direct.gov.uk/advice/planning/jobprofiles/Pages/MaterialsEngineer.aspx,366
https://nationalcareersservice.direct.gov.uk/advice/planning/jobprofiles/Pages/MaterialsTechnician.aspx,405
https://nationalcareersservice.direct.gov.uk/advice/planning/jobprofiles/Pages/MaternitySupportWorker.aspx,674
https://nationalcareersservice.direct.gov.uk/advice/planning/jobprofiles/Pages/MeasurementandControlEngineer.aspx,736
https://nationalcareersservice.direct.gov.uk/advice/planning/jobprofiles/Pages/MeasurementandControlTechnician.aspx,89
https://nationalcareersservice.direct.gov.uk/advice/planning/jobprofiles/Pages/MeatHygieneInspector.aspx,737
https://nationalcareersservice.direct.gov.uk/advice/planning/jobprofiles/Pages/MeatProcessWorker.aspx,716
https://nationalcareersservice.direct.gov.uk/advice/planning/jobprofiles/Pages/MechanicalEngineer.aspx,416
https://nationalcareersservice.direct.gov.uk/advice/planning/jobprofiles/Pages/MechanicalEngineeringTechnician.aspx,236
https://nationalcareersservice.direct.gov.uk/advice/planning/jobprofiles/Pages/MediaResearcher.aspx,99
https://nationalcareersservice.direct.gov.uk/advice/planning/jobprofiles/Pages/MedicalHerbalist.aspx,814
https://nationalcareersservice.direct.gov.uk/advice/planning/jobprofiles/Pages/MedicalIllustrator.aspx,74
https://nationalcareersservice.direct.gov.uk/advice/planning/jobprofiles/Pages/MedicalPhysicist.aspx,750
https://nationalcareersservice.direct.gov.uk/advice/planning/jobprofiles/Pages/MedicalSalesRepresentative.aspx,112
https://nationalcareersservice.direct.gov.uk/advice/planning/jobprofiles/Pages/MedicalSecretary.aspx,742
https://nationalcareersservice.direct.gov.uk/advice/planning/jobprofiles/Pages/MemberofParliament%28MP%29.aspx,228
https://nationalcareersservice.direct.gov.uk/advice/planning/jobprofiles/Pages/MentalHealthNurse.aspx,17
https://nationalcareersservice.direct.gov.uk/advice/planning/jobprofiles/Pages/Mentalhealthnurse.aspx,471
https://nationalcareersservice.direct.gov.uk/advice/planning/jobprofiles/Pages/MerchantNavyDeckOfficer.aspx,192
https://nationalcareersservice.direct.gov.uk/advice/planning/jobprofiles/Pages/MerchantNavyEngineeringOfficer.aspx,528
https://nationalcareersservice.direct.gov.uk/advice/planning/jobprofiles/Pages/MerchantNavyRating.aspx,645
https://nationalcareersservice.direct.gov.uk/advice/planning/jobprofiles/Pages/Meteorologist.aspx,803
https://nationalcareersservice.direct.gov.uk/advice/planning/jobprofiles/Pages/Microbiologist.aspx,683
https://nationalcareersservice.direct.gov.uk/advice/planning/jobprofiles/Pages/Midwife.aspx,535
https://nationalcareersservice.direct.gov.uk/advice/planning/jobprofiles/Pages/MineralsSurveyor.aspx,694
https://nationalcareersservice.direct.gov.uk/advice/planning/jobprofiles/Pages/mobilecateringassistant.aspx,319
https://nationalcareersservice.direct.gov.uk/advice/planning/jobprofiles/Pages/ModelMaker.aspx,729
https://nationalcareersservice.direct.gov.uk/advice/planning/jobprofiles/Pages/MoneyAdviserorDebtCounsellor.aspx,160
https://nationalcareersservice.direct.gov.uk/advice/planning/jobprofiles/Pages/montessoriteacher.aspx,262
https://nationalcareersservice.direct.gov.uk/advice/planning/jobprofiles/Pages/MortgageAdviser.aspx,729
https://nationalcareersservice.direct.gov.uk/advice/planning/jobprofiles/Pages/MotorsportEngineer.aspx,239
https://nationalcareersservice.direct.gov.uk/advice/planning/jobprofiles/Pages/MotorVehicleBodyRepairer.aspx,46
https://nationalcareersservice.direct.gov.uk/advice/planning/jobprofiles/Pages/MotorVehicleBreakdownEngineer.aspx,196
https://nationalcareersservice.direct.gov.uk/advice/planning/jobprofiles/Pages/MotorVehicleFitter.aspx,603
https://nationalcareersservice.direct.gov.uk/advice/planning/jobprofiles/Pages/MotorVehiclePartsPerson.aspx,551
https://nationalcareersservice.direct.gov.uk/advice/planning/jobprofiles/Pages/MotorVehicleTechnician.aspx,11
https://nationalcareersservice.direct.gov.uk/advice/planning/jobprofiles/Pages/MuseumAssistant.aspx,778
https://nationalcareersservice.direct.gov.uk/advice/planning/jobprofiles/Pages/MuseumCurator.aspx,360
https://nationalcareersservice.direct.gov.uk/advice/planning/jobprofiles/Pages/MusicalInstrumentMaker-Repairer.aspx,237
https://nationalcareersservice.direct.gov.uk/advice/planning/jobprofiles/Pages/MusicPromotionsManager.aspx,253
https://nationalcareersservice.direct.gov.uk/advice/planning/jobprofiles/Pages/Musicteacher.aspx,419
https://nationalcareersservice.direct.gov.uk/advice/planning/jobprofiles/Pages/MusicTeacher.aspx,743
https://nationalcareersservice.direct.gov.uk/advice/planning/jobprofiles/Pages/MusicTherapist.aspx,569
https://nationalcareersservice.direct.gov.uk/advice/planning/jobprofiles/Pages/NailTechnician.aspx,543
https://nationalcareersservice.direct.gov.uk/advice/planning/jobprofiles/Pages/Nanny.aspx,28
https://nationalcareersservice.direct.gov.uk/advice/planning/jobprofiles/Pages/Nanotechnologist.aspx,507
https://nationalcareersservice.direct.gov.uk/advice/planning/jobprofiles/Pages/Naturopath.aspx,611
https://nationalcareersservice.direct.gov.uk/advice/planning/jobprofiles/Pages/NavalArchitect.aspx,462
https://nationalcareersservice.direct.gov.uk/advice/planning/jobprofiles/Pages/NeighbourhoodWarden.aspx,288
https://nationalcareersservice.direct.gov.uk/advice/planning/jobprofiles/Pages/NetworkEngineer.aspx,210
https://nationalcareersservice.direct.gov.uk/advice/planning/jobprofiles/Pages/NetworkManager.aspx,653
https://nationalcareersservice.direct.gov.uk/advice/planning/jobprofiles/Pages/NewspaperJournalist.aspx,675
https://nationalcareersservice.direct.gov.uk/advice/planning/jobprofiles/Pages/NewspaperorMagazineEditor.aspx,185
https://nationalcareersservice.direct.gov.uk/advice/planning/jobprofiles/Pages/Non-DestructiveTesting%28NDT%29Technician.aspx,283
https://nationalcareersservice.direct.gov.uk/advice/planning/jobprofiles/Pages/NuclearEngineer.aspx,521
https://nationalcareersservice.direct.gov.uk/advice/planning/jobprofiles/Pages/NurseryManager.aspx,785
https://nationalcareersservice.direct.gov.uk/advice/planning/jobprofiles/Pages/NurseryWorker.aspx,498
https://nationalcareersservice.direct.gov.uk/advice/planning/jobprofiles/Pages/NutritionalTherapist.aspx,119
https://nationalcareersservice.direct.gov.uk/advice/planning/jobprofiles/Pages/Nutritionist.aspx,709
https://nationalcareersservice.direct.gov.uk/advice/planning/jobprofiles/Pages/OccupationalHealthnurse.aspx,451
https://nationalcareersservice.direct.gov.uk/advice/planning/jobprofiles/Pages/OccupationalHealthNurse.aspx,686
https://nationalcareersservice.direct.gov.uk/advice/planning/jobprofiles/Pages/OccupationalTherapist.aspx,560
https://nationalcareersservice.direct.gov.uk/advice/planning/jobprofiles/Pages/OccupationalTherapySupportWorker.aspx,274
https://nationalcareersservice.direct.gov.uk/advice/planning/jobprofiles/Pages/Oceanographer.aspx,810
https://nationalcareersservice.direct.gov.uk/advice/planning/jobprofiles/Pages/OfficeEquipmentServiceTechnician.aspx,134
https://nationalcareersservice.direct.gov.uk/advice/planning/jobprofiles/Pages/OffshoreDrillingWorker.aspx,78
https://nationalcareersservice.direct.gov.uk/advice/planning/jobprofiles/Pages/OffshoreRoustabout.aspx,106
https://nationalcareersservice.direct.gov.uk/advice/planning/jobprofiles/Pages/OnlineTutor.aspx,258
https://nationalcareersservice.direct.gov.uk/advice/planning/jobprofiles/Pages/OperatingDepartmentPractitioner.aspx,46
https://nationalcareersservice.direct.gov.uk/advice/planning/jobprofiles/Pages/OperationalResearcher.aspx,633
https://nationalcareersservice.direct.gov.uk/advice/planning/jobprofiles/Pages/Optometrist.aspx,80
https://nationalcareersservice.direct.gov.uk/advice/planning/jobprofiles/Pages/Ornithologist.aspx,299
https://nationalcareersservice.direct.gov.uk/advice/planning/jobprofiles/Pages/Orthoptist.aspx,325
https://nationalcareersservice.direct.gov.uk/advice/planning/jobprofiles/Pages/Osteopath.aspx,594
https://nationalcareersservice.direct.gov.uk/advice/planning/jobprofiles/Pages/OutdoorActivitiesInstructor.aspx,819
https://nationalcareersservice.direct.gov.uk/advice/planning/jobprofiles/Pages/PackagingTechnologist.aspx,428
https://nationalcareersservice.direct.gov.uk/advice/planning/jobprofiles/Pages/Packer.aspx,820
https://nationalcareersservice.direct.gov.uk/advice/planning/jobprofiles/Pages/PainterandDecorator.aspx,782
https://nationalcareersservice.direct.gov.uk/advice/planning/jobprofiles/Pages/PaintSprayer.aspx,731
https://nationalcareersservice.direct.gov.uk/advice/planning/jobprofiles/Pages/Palaeontologist.aspx,318
https://nationalcareersservice.direct.gov.uk/advice/planning/jobprofiles/Pages/palliativecareassistant.aspx,770
https://nationalcareersservice.direct.gov.uk/advice/planning/jobprofiles/Pages/PaperManufacturingOperative.aspx,547
https://nationalcareersservice.direct.gov.uk/advice/planning/jobprofiles/Pages/PaperTechnologist.aspx,165
https://nationalcareersservice.direct.gov.uk/advice/planning/jobprofiles/Pages/Paralegal.aspx,306
https://nationalcareersservice.direct.gov.uk/advice/planning/jobprofiles/Pages/PatentAttorney.aspx,712
https://nationalcareersservice.direct.gov.uk/advice/planning/jobprofiles/Pages/Pathologist.aspx,365
https://nationalcareersservice.direct.gov.uk/advice/planning/jobprofiles/Pages/PatientAdviceandLiaisonServiceOfficer.aspx,201
https://nationalcareersservice.direct.gov.uk/advice/planning/jobprofiles/Pages/PatientTransportServiceController.aspx,429
https://nationalcareersservice.direct.gov.uk/advice/planning/jobprofiles/Pages/PatternCutter.aspx,111
https://nationalcareersservice.direct.gov.uk/advice/planning/jobprofiles/Pages/PatternGrader.aspx,184
https://nationalcareersservice.direct.gov.uk/advice/planning/jobprofiles/Pages/PayrollAdministrator.aspx,700
https://nationalcareersservice.direct.gov.uk/advice/planning/jobprofiles/Pages/PayrollManager.aspx,210
https://nationalcareersservice.direct.gov.uk/advice/planning/jobprofiles/Pages/PensionsAdministrator.aspx,422
https://nationalcareersservice.direct.gov.uk/advice/planning/jobprofiles/Pages/PensionsAdviser.aspx,352
https://nationalcareersservice.direct.gov.uk/advice/planning/jobprofiles/Pages/PensionsManager.aspx,160
https://nationalcareersservice.direct.gov.uk/advice/planning/jobprofiles/Pages/PersonalAssistant.aspx,565
https://nationalcareersservice.direct.gov.uk/advice/planning/jobprofiles/Pages/Personalshopper.aspx,712
https://nationalcareersservice.direct.gov.uk/advice/planning/jobprofiles/Pages/PersonalTrainer.aspx,140
https://nationalcareersservice.direct.gov.uk/advice/planning/jobprofiles/Pages/PestControlTechnician.aspx,184
https://nationalcareersservice.direct.gov.uk/advice/planning/jobprofiles/Pages/PetBehaviourCounsellor.aspx,637
https://nationalcareersservice.direct.gov.uk/advice/planning/jobprofiles/Pages/peteacher.aspx,216
https://nationalcareersservice.direct.gov.uk/advice/planning/jobprofiles/Pages/PetrolServiceSalesAssistant.aspx,317
https://nationalcareersservice.direct.gov.uk/advice/planning/jobprofiles/Pages/PetShopAssistant.aspx,625
https://nationalcareersservice.direct.gov.uk/advice/planning/jobprofiles/Pages/Pharmacist.aspx,242
https://nationalcareersservice.direct.gov.uk/advice/planning/jobprofiles/Pages/Pharmacologist.aspx,228
https://nationalcareersservice.direct.gov.uk/advice/planning/jobprofiles/Pages/PharmacyTechnician.aspx,637
https://nationalcareersservice.direct.gov.uk/advice/planning/jobprofiles/Pages/Phlebotomist.aspx,787
https://nationalcareersservice.direct.gov.uk/advice/planning/jobprofiles/Pages/Photographer.aspx,402
https://nationalcareersservice.direct.gov.uk/advice/planning/jobprofiles/Pages/PhotographicStylist.aspx,318
https://nationalcareersservice.direct.gov.uk/advice/planning/jobprofiles/Pages/PhotographicTechnician.aspx,674
https://nationalcareersservice.direct.gov.uk/advice/planning/jobprofiles/Pages/Physicist.aspx,442
https://nationalcareersservice.direct.gov.uk/advice/planning/jobprofiles/Pages/Physiotherapist.aspx,166
https://nationalcareersservice.direct.gov.uk/advice/planning/jobprofiles/Pages/PhysiotherapyAssistant.aspx,184
https://nationalcareersservice.direct.gov.uk/advice/planning/jobprofiles/Pages/PictureFramer.aspx,814
https://nationalcareersservice.direct.gov.uk/advice/planning/jobprofiles/Pages/PilatesTeacher.aspx,577
https://nationalcareersservice.direct.gov.uk/advice/planning/jobprofiles/Pages/PlanningandDevelopmentSurveyor.aspx,42
https://nationalcareersservice.direct.gov.uk/advice/planning/jobprofiles/Pages/Plasterer.aspx,80
https://nationalcareersservice.direct.gov.uk/advice/planning/jobprofiles/Pages/PlasticsProcessWorker.aspx,446
https://nationalcareersservice.direct.gov.uk/advice/planning/jobprofiles/Pages/PlayTherapist.aspx,240
https://nationalcareersservice.direct.gov.uk/advice/planning/jobprofiles/Pages/Playworker.aspx,647
https://nationalcareersservice.direct.gov.uk/advice/planning/jobprofiles/Pages/Plumber.aspx,758
https://nationalcareersservice.direct.gov.uk/advice/planning/jobprofiles/Pages/PoliceCommunitySupportOfficer.aspx,314
https://nationalcareersservice.direct.gov.uk/advice/planning/jobprofiles/Pages/PoliceOfficer.aspx,237
https://nationalcareersservice.direct.gov.uk/advice/planning/jobprofiles/Pages/PopMusician.aspx,18
https://nationalcareersservice.direct.gov.uk/advice/planning/jobprofiles/Pages/PortageHomeVisitor.aspx,424
https://nationalcareersservice.direct.gov.uk/advice/planning/jobprofiles/Pages/PortOperative.aspx,813
https://nationalcareersservice.direct.gov.uk/advice/planning/jobprofiles/Pages/PostalDeliveryWorker.aspx,157
https://nationalcareersservice.direct.gov.uk/advice/planning/jobprofiles/Pages/PostOfficeCustomerServiceAssistant.aspx,514
https://nationalcareersservice.direct.gov.uk/advice/planning/jobprofiles/Pages/PracticeNurse.aspx,45
https://nationalcareersservice.direct.gov.uk/advice/planning/jobprofiles/Pages/Practicenurse.aspx,433
https://nationalcareersservice.direct.gov.uk/advice/planning/jobprofiles/Pages/Pre-pressOperator.aspx,116
https://nationalcareersservice.direct.gov.uk/advice/planning/jobprofiles/Pages/PrimaryCareGraduateMentalHealthWorker.aspx,154
https://nationalcareersservice.direct.gov.uk/advice/planning/jobprofiles/Pages/PrimarySchoolTeacher.aspx,110
https://nationalcareersservice.direct.gov.uk/advice/planning/jobprofiles/Pages/Primaryschoolteacher.aspx,438
https://nationalcareersservice.direct.gov.uk/advice/planning/jobprofiles/Pages/PrintingAdministrator.aspx,230
https://nationalcareersservice.direct.gov.uk/advice/planning/jobprofiles/Pages/PrisonGovernor.aspx,610
https://nationalcareersservice.direct.gov.uk/advice/planning/jobprofiles/Pages/PrisonInstructor.aspx,289
https://nationalcareersservice.direct.gov.uk/advice/planning/jobprofiles/Pages/PrisonOfficer.aspx,359
https://nationalcareersservice.direct.gov.uk/advice/planning/jobprofiles/Pages/PrivateInvestigator.aspx,89
https://nationalcareersservice.direct.gov.uk/advice/planning/jobprofiles/Pages/PrivatePracticeAccountant.aspx,798
https://nationalcareersservice.direct.gov.uk/advice/planning/jobprofiles/Pages/ProbationOfficer.aspx,769
https://nationalcareersservice.direct.gov.uk/advice/planning/jobprofiles/Pages/ProbationServicesOfficer.aspx,93
https://nationalcareersservice.direct.gov.uk/advice/planning/jobprofiles/Pages/ProductDesigner.aspx,639
https://nationalcareersservice.direct.gov.uk/advice/planning/jobprofiles/Pages/ProductionManager%28Manufacturing%29.aspx,737
https://nationalcareersservice.direct.gov.uk/advice/planning/jobprofiles/Pages/ProductionWorker%28Manufacturing%29.aspx,109
https://nationalcareersservice.direct.gov.uk/advice/planning/jobprofiles/Pages/ProjectManager.aspx,383
https://nationalcareersservice.direct.gov.uk/advice/planning/jobprofiles/Pages/Proofreader.aspx,538
https://nationalcareersservice.direct.gov.uk/advice/planning/jobprofiles/Pages/PropMaker.aspx,706
https://nationalcareersservice.direct.gov.uk/advice/planning/jobprofiles/Pages/Prosthetist-Orthotist.aspx,728
https://nationalcareersservice.direct.gov.uk/advice/planning/jobprofiles/Pages/Psychiatrist.aspx,179
https://nationalcareersservice.direct.gov.uk/advice/planning/jobprofiles/Pages/Psychologist.aspx,562
https://nationalcareersservice.direct.gov.uk/advice/planning/jobprofiles/Pages/Psychotherapist.aspx,623
https://nationalcareersservice.direct.gov.uk/advice/planning/jobprofiles/Pages/Publican-Licensee.aspx,676
https://nationalcareersservice.direct.gov.uk/advice/planning/jobprofiles/Pages/PublicFinanceAccountant.aspx,743
https://nationalcareersservice.direct.gov.uk/advice/planning/jobprofiles/Pages/PublicRelationsOfficer.aspx,467
https://nationalcareersservice.direct.gov.uk/advice/planning/jobprofiles/Pages/PurchasingManager.aspx,52
https://nationalcareersservice.direct.gov.uk/advice/planning/jobprofiles/Pages/QCF%28NVQ%29assessor.aspx,718
https://nationalcareersservice.direct.gov.uk/advice/planning/jobprofiles/Pages/QualityControlTechnician.aspx,14
https://nationalcareersservice.direct.gov.uk/advice/planning/jobprofiles/Pages/QualityManager.aspx,630
https://nationalcareersservice.direct.gov.uk/advice/planning/jobprofiles/Pages/QuantitySurveyor.aspx,301
https://nationalcareersservice.direct.gov.uk/advice/planning/jobprofiles/Pages/QuarryEngineer.aspx,170
https://nationalcareersservice.direct.gov.uk/advice/planning/jobprofiles/Pages/QuarryOperative.aspx,307
https://nationalcareersservice.direct.gov.uk/advice/planning/jobprofiles/Pages/RadioBroadcastAssistant.aspx,59
https://nationalcareersservice.direct.gov.uk/advice/planning/jobprofiles/Pages/Radiographer.aspx,795
https://nationalcareersservice.direct.gov.uk/advice/planning/jobprofiles/Pages/RadiographyAssistant.aspx,522
https://nationalcareersservice.direct.gov.uk/advice/planning/jobprofiles/Pages/RAFAirmanorAirwoman.aspx,78
https://nationalcareersservice.direct.gov.uk/advice/planning/jobprofiles/Pages/RAFNon-CommissionedAircrew.aspx,216
https://nationalcareersservice.direct.gov.uk/advice/planning/jobprofiles/Pages/RAFOfficer.aspx,50
https://nationalcareersservice.direct.gov.uk/advice/planning/jobprofiles/Pages/RailEngineeringTechnician.aspx,392
https://nationalcareersservice.direct.gov.uk/advice/planning/jobprofiles/Pages/RailTrackMaintenanceWorker.aspx,438
https://nationalcareersservice.direct.gov.uk/advice/planning/jobprofiles/Pages/Receptionist.aspx,394
https://nationalcareersservice.direct.gov.uk/advice/planning/jobprofiles/Pages/RecruitmentConsultant.aspx,461
https://nationalcareersservice.direct.gov.uk/advice/planning/jobprofiles/Pages/RecycledMetalsWorker.aspx,666
https://nationalcareersservice.direct.gov.uk/advice/planning/jobprofiles/Pages/RecyclingOfficer.aspx,498
https://nationalcareersservice.direct.gov.uk/advice/planning/jobprofiles/Pages/RecyclingOperative.aspx,105
https://nationalcareersservice.direct.gov.uk/advice/planning/jobprofiles/Pages/Reflexologist.aspx,783
https://nationalcareersservice.direct.gov.uk/advice/planning/jobprofiles/Pages/RefrigerationandAirConditioningEngineer.aspx,814
https://nationalcareersservice.direct.gov.uk/advice/planning/jobprofiles/Pages/RefuseCollector.aspx,545
https://nationalcareersservice.direct.gov.uk/advice/planning/jobprofiles/Pages/RegisteredCareHomeManager.aspx,359
https://nationalcareersservice.direct.gov.uk/advice/planning/jobprofiles/Pages/Registrarofbirthsdeathsmarriagesandcivilpartnerships.aspx,638
https://nationalcareersservice.direct.gov.uk/advice/planning/jobprofiles/Pages/ReikiHealer.aspx,185
https://nationalcareersservice.direct.gov.uk/advice/planning/jobprofiles/Pages/ReligiousLeader.aspx,815
https://nationalcareersservice.direct.gov.uk/advice/planning/jobprofiles/Pages/RemovalsWorker.aspx,291
https://nationalcareersservice.direct.gov.uk/advice/planning/jobprofiles/Pages/Reprographicassistant.aspx,670
https://nationalcareersservice.direct.gov.uk/advice/planning/jobprofiles/Pages/ResearchScientist.aspx,331
https://nationalcareersservice.direct.gov.uk/advice/planning/jobprofiles/Pages/ResidentialSupportWorker.aspx,381
https://nationalcareersservice.direct.gov.uk/advice/planning/jobprofiles/Pages/ResortRepresentative.aspx,466
https://nationalcareersservice.direct.gov.uk/advice/planning/jobprofiles/Pages/Restaurantmanager.aspx,165
https://nationalcareersservice.direct.gov.uk/advice/planning/jobprofiles/Pages/Retailbuyer.aspx,282
https://nationalcareersservice.direct.gov.uk/advice/planning/jobprofiles/Pages/RetailJeweller.aspx,340
https://nationalcareersservice.direct.gov.uk/advice/planning/jobprofiles/Pages/RetailManager.aspx,365
https://nationalcareersservice.direct.gov.uk/advice/planning/jobprofiles/Pages/RetailMerchandiser.aspx,465
https://nationalcareersservice.direct.gov.uk/advice/planning/jobprofiles/Pages/RidingHolidayCentreManager.aspx,422
https://nationalcareersservice.direct.gov.uk/advice/planning/jobprofiles/Pages/RidingHolidayLeader.aspx,216
https://nationalcareersservice.direct.gov.uk/advice/planning/jobprofiles/Pages/RoadHaulageLoadPlanner.aspx,203
https://nationalcareersservice.direct.gov.uk/advice/planning/jobprofiles/Pages/Roadie.aspx,626
https://nationalcareersservice.direct.gov.uk/advice/planning/jobprofiles/Pages/RoadTrafficAccidentInvestigator.aspx,764
https://nationalcareersservice.direct.gov.uk/advice/planning/jobprofiles/Pages/RoadTransportManager.aspx,727
https://nationalcareersservice.direct.gov.uk/advice/planning/jobprofiles/Pages/RoadWorker.aspx,454
https://nationalcareersservice.direct.gov.uk/advice/planning/jobprofiles/Pages/Roofer.aspx,677
https://nationalcareersservice.direct.gov.uk/advice/planning/jobprofiles/Pages/Roundsperson.aspx,555
https://nationalcareersservice.direct.gov.uk/advice/planning/jobprofiles/Pages/RoyalMarinesCommando.aspx,356
https://nationalcareersservice.direct.gov.uk/advice/planning/jobprofiles/Pages/RoyalMarinesOfficer.aspx,616
https://nationalcareersservice.direct.gov.uk/advice/planning/jobprofiles/Pages/RoyalNavyOfficer.aspx,554
https://nationalcareersservice.direct.gov.uk/advice/planning/jobprofiles/Pages/RoyalNavyRating.aspx,346
https://nationalcareersservice.direct.gov.uk/advice/planning/jobprofiles/Pages/rspcainspector.aspx,520
https://nationalcareersservice.direct.gov.uk/advice/planning/jobprofiles/Pages/RuralSurveyor.aspx,160
https://nationalcareersservice.direct.gov.uk/advice/planning/jobprofiles/Pages/SailingInstructor.aspx,183
https://nationalcareersservice.direct.gov.uk/advice/planning/jobprofiles/Pages/SalesAssistant.aspx,713
https://nationalcareersservice.direct.gov.uk/advice/planning/jobprofiles/Pages/SalesManager.aspx,265
https://nationalcareersservice.direct.gov.uk/advice/planning/jobprofiles/Pages/SalesPromotionExecutive.aspx,268
https://nationalcareersservice.direct.gov.uk/advice/planning/jobprofiles/Pages/SalesRepresentative.aspx,297
https://nationalcareersservice.direct.gov.uk/advice/planning/jobprofiles/Pages/SampleMachinist.aspx,203
https://nationalcareersservice.direct.gov.uk/advice/planning/jobprofiles/Pages/SatelliteSystemsTechnician.aspx,156
https://nationalcareersservice.direct.gov.uk/advice/planning/jobprofiles/Pages/Scaffolder.aspx,281
https://nationalcareersservice.direct.gov.uk/advice/planning/jobprofiles/Pages/ScenesofCrimeOfficer.aspx,343
https://nationalcareersservice.direct.gov.uk/advice/planning/jobprofiles/Pages/SchoolBusinessManager.aspx,579
https://nationalcareersservice.direct.gov.uk/advice/planning/jobprofiles/Pages/Schoolcrossingpatrol.aspx,52
https://nationalcareersservice.direct.gov.uk/advice/planning/jobprofiles/Pages/SchoolLunchtimeSupervisor.aspx,568
https://nationalcareersservice.direct.gov.uk/advice/planning/jobprofiles/Pages/SchoolMatron.aspx,666
https://nationalcareersservice.direct.gov.uk/advice/planning/jobprofiles/Pages/SchoolNurse.aspx,155
https://nationalcareersservice.direct.gov.uk/advice/planning/jobprofiles/Pages/Schoolnurse.aspx,673
https://nationalcareersservice.direct.gov.uk/advice/planning/jobprofiles/Pages/SchoolSecretary.aspx,534
https://nationalcareersservice.direct.gov.uk/advice/planning/jobprofiles/Pages/Screenwriter.aspx,355
https://nationalcareersservice.direct.gov.uk/advice/planning/jobprofiles/Pages/Secondaryschoolteacher.aspx,229
https://nationalcareersservice.direct.gov.uk/advice/planning/jobprofiles/Pages/SecondarySchoolTeacher.aspx,423
https://nationalcareersservice.direct.gov.uk/advice/planning/jobprofiles/Pages/Secretary.aspx,366
https://nationalcareersservice.direct.gov.uk/advice/planning/jobprofiles/Pages/SecurityOfficer.aspx,601
https://nationalcareersservice.direct.gov.uk/advice/planning/jobprofiles/Pages/SecurityServicePersonnel.aspx,457
https://nationalcareersservice.direct.gov.uk/advice/planning/jobprofiles/Pages/SecuritySystemsInstaller.aspx,619
https://nationalcareersservice.direct.gov.uk/advice/planning/jobprofiles/Pages/SetDesigner.aspx,805
https://nationalcareersservice.direct.gov.uk/advice/planning/jobprofiles/Pages/SewingMachinist.aspx,506
https://nationalcareersservice.direct.gov.uk/advice/planning/jobprofiles/Pages/SexualHealthAdviser.aspx,199
https://nationalcareersservice.direct.gov.uk/advice/planning/jobprofiles/Pages/SheetMetalWorker.aspx,524
https://nationalcareersservice.direct.gov.uk/advice/planning/jobprofiles/Pages/ShoeRepairer.aspx,398
https://nationalcareersservice.direct.gov.uk/advice/planning/jobprofiles/Pages/Shopfitter.aspx,239
https://nationalcareersservice.direct.gov.uk/advice/planning/jobprofiles/Pages/Shopkeeper.aspx,727
https://nationalcareersservice.direct.gov.uk/advice/planning/jobprofiles/Pages/SignallingTechnician.aspx,471
https://nationalcareersservice.direct.gov.uk/advice/planning/jobprofiles/Pages/Signmaker.aspx,264
https://nationalcareersservice.direct.gov.uk/advice/planning/jobprofiles/Pages/Signwriter.aspx,519
https://nationalcareersservice.direct.gov.uk/advice/planning/jobprofiles/Pages/SingingTeacher.aspx,325
https://nationalcareersservice.direct.gov.uk/advice/planning/jobprofiles/Pages/Singingteacher.aspx,537
https://nationalcareersservice.direct.gov.uk/advice/planning/jobprofiles/Pages/SkillsforLifeTeacher.aspx,628
https://nationalcareersservice.direct.gov.uk/advice/planning/jobprofiles/Pages/smartmeterinstaller.aspx,227
https://nationalcareersservice.direct.gov.uk/advice/planning/jobprofiles/Pages/socialmediamanager.aspx,636
https://nationalcareersservice.direct.gov.uk/advice/planning/jobprofiles/Pages/SocialWorkAssistant.aspx,558
https://nationalcareersservice.direct.gov.uk/advice/planning/jobprofiles/Pages/SocialWorker.aspx,611
https://nationalcareersservice.direct.gov.uk/advice/planning/jobprofiles/Pages/SoftwareDeveloper.aspx,121
https://nationalcareersservice.direct.gov.uk/advice/planning/jobprofiles/Pages/Solicitor.aspx,390
https://nationalcareersservice.direct.gov.uk/advice/planning/jobprofiles/Pages/SpecialEducationalNeedsTeacher.aspx,13
https://nationalcareersservice.direct.gov.uk/advice/planning/jobprofiles/Pages/Specialeducationalneedsteacher.aspx,670
https://nationalcareersservice.direct.gov.uk/advice/planning/jobprofiles/Pages/SpecialNeedsTeachingAssistant.aspx,177
https://nationalcareersservice.direct.gov.uk/advice/planning/jobprofiles/Pages/SpeechandLanguageTherapist.aspx,190
https://nationalcareersservice.direct.gov.uk/advice/planning/jobprofiles/Pages/SpeechandLanguageTherapyAssistant.aspx,58
https://nationalcareersservice.direct.gov.uk/advice/planning/jobprofiles/Pages/SportandExercisePsychologist.aspx,424
https://nationalcareersservice.direct.gov.uk/advice/planning/jobprofiles/Pages/SportandExerciseScientist.aspx,723
https://nationalcareersservice.direct.gov.uk/advice/planning/jobprofiles/Pages/SportsCoach.aspx,599
https://nationalcareersservice.direct.gov.uk/advice/planning/jobprofiles/Pages/sportscommentator.aspx,461
https://nationalcareersservice.direct.gov.uk/advice/planning/jobprofiles/Pages/SportsDevelopmentOfficer.aspx,483
https://nationalcareersservice.direct.gov.uk/advice/planning/jobprofiles/Pages/SportsPhysiotherapist.aspx,116
https://nationalcareersservice.direct.gov.uk/advice/planning/jobprofiles/Pages/SportsProfessional.aspx,297
https://nationalcareersservice.direct.gov.uk/advice/planning/jobprofiles/Pages/Stagehand.aspx,519
https://nationalcareersservice.direct.gov.uk/advice/planning/jobprofiles/Pages/StageManager.aspx,498
https://nationalcareersservice.direct.gov.uk/advice/planning/jobprofiles/Pages/SteelErector.aspx,813
https://nationalcareersservice.direct.gov.uk/advice/planning/jobprofiles/Pages/SteelFixer.aspx,318
https://nationalcareersservice.direct.gov.uk/advice/planning/jobprofiles/Pages/SteeplejackorLightningConductorEngineer.aspx,825
https://nationalcareersservice.direct.gov.uk/advice/planning/jobprofiles/Pages/SterileServicesTechnician.aspx,505
https://nationalcareersservice.direct.gov.uk/advice/planning/jobprofiles/Pages/Stockbroker.aspx,628
https://nationalcareersservice.direct.gov.uk/advice/planning/jobprofiles/Pages/Stonemason.aspx,677
https://nationalcareersservice.direct.gov.uk/advice/planning/jobprofiles/Pages/StoreDemonstrator.aspx,85
https://nationalcareersservice.direct.gov.uk/advice/planning/jobprofiles/Pages/StoreDetective.aspx,155
https://nationalcareersservice.direct.gov.uk/advice/planning/jobprofiles/Pages/StructuralEngineer.aspx,128
https://nationalcareersservice.direct.gov.uk/advice/planning/jobprofiles/Pages/StudioSoundEngineer.aspx,220
https://nationalcareersservice.direct.gov.uk/advice/planning/jobprofiles/Pages/StuntPerformer.aspx,376
https://nationalcareersservice.direct.gov.uk/advice/planning/jobprofiles/Pages/Sub-editor.aspx,743
https://nationalcareersservice.direct.gov.uk/advice/planning/jobprofiles/Pages/SubstanceMisuseOutreachWorker.aspx,455
https://nationalcareersservice.direct.gov.uk/advice/planning/jobprofiles/Pages/Supervisor.aspx,521
https://nationalcareersservice.direct.gov.uk/advice/planning/jobprofiles/Pages/SupplyChainManager.aspx,205
https://nationalcareersservice.direct.gov.uk/advice/planning/jobprofiles/Pages/Surgeon.aspx,559
https://nationalcareersservice.direct.gov.uk/advice/planning/jobprofiles/Pages/SwimmingPoolTechnician.aspx,287
https://nationalcareersservice.direct.gov.uk/advice/planning/jobprofiles/Pages/SwimmingTeacherorCoach.aspx,248
https://nationalcareersservice.direct.gov.uk/advice/planning/jobprofiles/Pages/SystemsAnalyst.aspx,364
https://nationalcareersservice.direct.gov.uk/advice/planning/jobprofiles/Pages/Tailor.aspx,496
https://nationalcareersservice.direct.gov.uk/advice/planning/jobprofiles/Pages/Tankerdriver.aspx,447
https://nationalcareersservice.direct.gov.uk/advice/planning/jobprofiles/Pages/Tattooist.aspx,212
https://nationalcareersservice.direct.gov.uk/advice/planning/jobprofiles/Pages/TaxAdviser.aspx,772
https://nationalcareersservice.direct.gov.uk/advice/planning/jobprofiles/Pages/TaxiDriver.aspx,372
https://nationalcareersservice.direct.gov.uk/advice/planning/jobprofiles/Pages/TaxInspector.aspx,832
https://nationalcareersservice.direct.gov.uk/advice/planning/jobprofiles/Pages/TeachingAssistant.aspx,5
https://nationalcareersservice.direct.gov.uk/advice/planning/jobprofiles/Pages/TechnicalArchitectorITSystemsArchitect.aspx,606
https://nationalcareersservice.direct.gov.uk/advice/planning/jobprofiles/Pages/TechnicalAuthor.aspx,434
https://nationalcareersservice.direct.gov.uk/advice/planning/jobprofiles/Pages/TechnicalBrewer.aspx,36
https://nationalcareersservice.direct.gov.uk/advice/planning/jobprofiles/Pages/TechnicalSurveyor.aspx,678
https://nationalcareersservice.direct.gov.uk/advice/planning/jobprofiles/Pages/TechnicalTextilesDesigner.aspx,128
https://nationalcareersservice.direct.gov.uk/advice/planning/jobprofiles/Pages/TelecomsTechnician.aspx,288
https://nationalcareersservice.direct.gov.uk/advice/planning/jobprofiles/Pages/Telephonist-SwitchboardOperator.aspx,82
https://nationalcareersservice.direct.gov.uk/advice/planning/jobprofiles/Pages/TextileDesigner.aspx,331
https://nationalcareersservice.direct.gov.uk/advice/planning/jobprofiles/Pages/TextileDyeingTechnician.aspx,694
https://nationalcareersservice.direct.gov.uk/advice/planning/jobprofiles/Pages/TextileMachineryTechnician.aspx,658
https://nationalcareersservice.direct.gov.uk/advice/planning/jobprofiles/Pages/TextileOperative.aspx,387
https://nationalcareersservice.direct.gov.uk/advice/planning/jobprofiles/Pages/TextilesProductionManager.aspx,701
https://nationalcareersservice.direct.gov.uk/advice/planning/jobprofiles/Pages/TextileTechnologist.aspx,201
https://nationalcareersservice.direct.gov.uk/advice/planning/jobprofiles/Pages/Thatcher.aspx,54
https://nationalcareersservice.direct.gov.uk/advice/planning/jobprofiles/Pages/ThermalInsulationEngineer.aspx,385
https://nationalcareersservice.direct.gov.uk/advice/planning/jobprofiles/Pages/Tiler.aspx,703
https://nationalcareersservice.direct.gov.uk/advice/planning/jobprofiles/Pages/timberyardworker.aspx,591
https://nationalcareersservice.direct.gov.uk/advice/planning/jobprofiles/Pages/Toolmaker.aspx,25
https://nationalcareersservice.direct.gov.uk/advice/planning/jobprofiles/Pages/TouristGuide.aspx,703
https://nationalcareersservice.direct.gov.uk/advice/planning/jobprofiles/Pages/TouristInformationCentreAssistant.aspx,421
https://nationalcareersservice.direct.gov.uk/advice/planning/jobprofiles/Pages/TourManager.aspx,510
https://nationalcareersservice.direct.gov.uk/advice/planning/jobprofiles/Pages/TownPlanner.aspx,614
https://nationalcareersservice.direct.gov.uk/advice/planning/jobprofiles/Pages/TownPlanningSupportStaff.aspx,509
https://nationalcareersservice.direct.gov.uk/advice/planning/jobprofiles/Pages/TradeMarkAttorney.aspx,632
https://nationalcareersservice.direct.gov.uk/advice/planning/jobprofiles/Pages/TradeUnionOfficial.aspx,170
https://nationalcareersservice.direct.gov.uk/advice/planning/jobprofiles/Pages/TradingStandardsOfficer.aspx,204
https://nationalcareersservice.direct.gov.uk/advice/planning/jobprofiles/Pages/TrainConductor.aspx,791
https://nationalcareersservice.direct.gov.uk/advice/planning/jobprofiles/Pages/TrainDriver.aspx,680
https://nationalcareersservice.direct.gov.uk/advice/planning/jobprofiles/Pages/TrainingManager.aspx,116
https://nationalcareersservice.direct.gov.uk/advice/planning/jobprofiles/Pages/TrainingOfficer.aspx,696
https://nationalcareersservice.direct.gov.uk/advice/planning/jobprofiles/Pages/TrainStationStaff.aspx,206
https://nationalcareersservice.direct.gov.uk/advice/planning/jobprofiles/Pages/TramDriver.aspx,225
https://nationalcareersservice.direct.gov.uk/advice/planning/jobprofiles/Pages/Translator.aspx,504
https://nationalcareersservice.direct.gov.uk/advice/planning/jobprofiles/Pages/TransportPlanner.aspx,233
https://nationalcareersservice.direct.gov.uk/advice/planning/jobprofiles/Pages/TravelAgent.aspx,392
https://nationalcareersservice.direct.gov.uk/advice/planning/jobprofiles/Pages/Treesurgeon.aspx,362
https://nationalcareersservice.direct.gov.uk/advice/planning/jobprofiles/Pages/TVorFilmAssistantDirector.aspx,544
https://nationalcareersservice.direct.gov.uk/advice/planning/jobprofiles/Pages/TVorFilmCameraOperator.aspx,348
https://nationalcareersservice.direct.gov.uk/advice/planning/jobprofiles/Pages/TVorFilmDirector.aspx,417
https://nationalcareersservice.direct.gov.uk/advice/planning/jobprofiles/Pages/TVorFilmProducer.aspx,677
https://nationalcareersservice.direct.gov.uk/advice/planning/jobprofiles/Pages/TVorFilmProductionAssistant.aspx,650
https://nationalcareersservice.direct.gov.uk/advice/planning/jobprofiles/Pages/TVorFilmProductionManager.aspx,475
https://nationalcareersservice.direct.gov.uk/advice/planning/jobprofiles/Pages/TVorFilmSoundTechnician.aspx,654
https://nationalcareersservice.direct.gov.uk/advice/planning/jobprofiles/Pages/TVPresenter.aspx,692
https://nationalcareersservice.direct.gov.uk/advice/planning/jobprofiles/Pages/TVProductionRunner.aspx,538
https://nationalcareersservice.direct.gov.uk/advice/planning/jobprofiles/Pages/Typist.aspx,515
https://nationalcareersservice.direct.gov.uk/advice/planning/jobprofiles/Pages/Upholsterer.aspx,429
https://nationalcareersservice.direct.gov.uk/advice/planning/jobprofiles/Pages/VendingMachineOperative.aspx,615
https://nationalcareersservice.direct.gov.uk/advice/planning/jobprofiles/Pages/VeterinaryNurse.aspx,48
https://nationalcareersservice.direct.gov.uk/advice/planning/jobprofiles/Pages/Veterinarynurse.aspx,112
https://nationalcareersservice.direct.gov.uk/advice/planning/jobprofiles/Pages/VeterinaryPhysiotherapist.aspx,78
https://nationalcareersservice.direct.gov.uk/advice/planning/jobprofiles/Pages/VeterinarySurgeon.aspx,271
https://nationalcareersservice.direct.gov.uk/advice/planning/jobprofiles/Pages/VictimCareOfficer.aspx,58
https://nationalcareersservice.direct.gov.uk/advice/planning/jobprofiles/Pages/VideoEditor.aspx,705
https://nationalcareersservice.direct.gov.uk/advice/planning/jobprofiles/Pages/visitorattractiongeneralmanager.aspx,816
https://nationalcareersservice.direct.gov.uk/advice/planning/jobprofiles/Pages/VisualMerchandiser.aspx,821
https://nationalcareersservice.direct.gov.uk/advice/planning/jobprofiles/Pages/VolunteerOrganiser.aspx,180
https://nationalcareersservice.direct.gov.uk/advice/planning/jobprofiles/Pages/WaitingStaff.aspx,55
https://nationalcareersservice.direct.gov.uk/advice/planning/jobprofiles/Pages/WardrobeAssistant.aspx,645
https://nationalcareersservice.direct.gov.uk/advice/planning/jobprofiles/Pages/WarehouseManager.aspx,639
https://nationalcareersservice.direct.gov.uk/advice/planning/jobprofiles/Pages/WarehouseOperative.aspx,4
https://nationalcareersservice.direct.gov.uk/advice/planning/jobprofiles/Pages/WasteManagementOfficer.aspx,591
https://nationalcareersservice.direct.gov.uk/advice/planning/jobprofiles/Pages/WatchorClockRepairer.aspx,427
https://nationalcareersservice.direct.gov.uk/advice/planning/jobprofiles/Pages/WaterNetworkOperative.aspx,654
https://nationalcareersservice.direct.gov.uk/advice/planning/jobprofiles/Pages/WaterTreatmentWorker.aspx,765
https://nationalcareersservice.direct.gov.uk/advice/planning/jobprofiles/Pages/WebContentManager.aspx,834
https://nationalcareersservice.direct.gov.uk/advice/planning/jobprofiles/Pages/WebDesigner.aspx,561
https://nationalcareersservice.direct.gov.uk/advice/planning/jobprofiles/Pages/WebDeveloper.aspx,122
https://nationalcareersservice.direct.gov.uk/advice/planning/jobprofiles/Pages/WebEditor.aspx,446
https://nationalcareersservice.direct.gov.uk/advice/planning/jobprofiles/Pages/WeddingPlanner.aspx,651
https://nationalcareersservice.direct.gov.uk/advice/planning/jobprofiles/Pages/Welder.aspx,199
https://nationalcareersservice.direct.gov.uk/advice/planning/jobprofiles/Pages/WelfareRightsOfficer.aspx,390
https://nationalcareersservice.direct.gov.uk/advice/planning/jobprofiles/Pages/WindowCleaner.aspx,291
https://nationalcareersservice.direct.gov.uk/advice/planning/jobprofiles/Pages/WindowFitter.aspx,128
https://nationalcareersservice.direct.gov.uk/advice/planning/jobprofiles/Pages/WineMerchant.aspx,769
https://nationalcareersservice.direct.gov.uk/advice/planning/jobprofiles/Pages/WoodMachinist.aspx,523
https://nationalcareersservice.direct.gov.uk/advice/planning/jobprofiles/Pages/Writer.aspx,165
https://nationalcareersservice.direct.gov.uk/advice/planning/jobprofiles/Pages/YardPerson.aspx,178
https://nationalcareersservice.direct.gov.uk/advice/planning/jobprofiles/Pages/YogaTeacher.aspx,41
https://nationalcareersservice.direct.gov.uk/advice/planning/jobprofiles/Pages/YogaTherapist.aspx,682
https://nationalcareersservice.direct.gov.uk/advice/planning/jobprofiles/Pages/YouthandCommunityWorker.aspx,806
https://nationalcareersservice.direct.gov.uk/advice/planning/jobprofiles/Pages/YouthOffendingTeamOfficer.aspx,500
https://nationalcareersservice.direct.gov.uk/advice/planning/jobprofiles/Pages/Zookeeper.aspx,69
https://nationalcareersservice.direct.gov.uk/advice/planning/jobprofiles/Pages/Zoologist.aspx,259