Old profile URL,New profile URL,Pick,,,,,
https://nationalcareersservice.direct.gov.uk/advice/planning/jobprofiles/Pages/CommunityTransportOperationsManager,https://careers.sit.sfa.bis.gov.uk/job-profiles/community-transport-operations-manager,3,,,,,
https://nationalcareersservice.direct.gov.uk/advice/planning/jobprofiles/Pages/Interpreter,https://careers.sit.sfa.bis.gov.uk/job-profiles/interpreter,3,,,,,
https://nationalcareersservice.direct.gov.uk/advice/planning/jobprofiles/Pages/CourtLegalAdviser,https://careers.sit.sfa.bis.gov.uk/job-profiles/court-legal-adviser,5,,,,,
https://nationalcareersservice.direct.gov.uk/advice/planning/jobprofiles/Pages/BarPerson,https://careers.sit.sfa.bis.gov.uk/job-profiles/bar-person,6,,,,,
https://nationalcareersservice.direct.gov.uk/advice/planning/jobprofiles/Pages/RoadTransportManager,https://careers.sit.sfa.bis.gov.uk/job-profiles/road-transport-manager,8,,,,,
https://nationalcareersservice.direct.gov.uk/advice/planning/jobprofiles/Pages/SheetMetalWorker,https://careers.sit.sfa.bis.gov.uk/job-profiles/sheet-metal-worker,10,,,,,
https://nationalcareersservice.direct.gov.uk/advice/planning/jobprofiles/Pages/TravelAgencyManager,https://careers.sit.sfa.bis.gov.uk/job-profiles/travel-agency-manager,14,,,,,
https://nationalcareersservice.direct.gov.uk/advice/planning/jobprofiles/Pages/RetailManager,https://careers.sit.sfa.bis.gov.uk/job-profiles/retail-manager,15,,,,,
https://nationalcareersservice.direct.gov.uk/advice/planning/jobprofiles/Pages/Oceanographer,https://careers.sit.sfa.bis.gov.uk/job-profiles/oceanographer,18,,,,,
https://nationalcareersservice.direct.gov.uk/advice/planning/jobprofiles/Pages/SportAndExercisePsychologist,https://careers.sit.sfa.bis.gov.uk/job-profiles/sport-and-exercise-psychologist,20,,,,,
https://nationalcareersservice.direct.gov.uk/advice/planning/jobprofiles/Pages/CarFleetManager,https://careers.sit.sfa.bis.gov.uk/job-profiles/car-fleet-manager,21,,,,,
https://nationalcareersservice.direct.gov.uk/advice/planning/jobprofiles/Pages/SalesRepresentative,https://careers.sit.sfa.bis.gov.uk/job-profiles/sales-representative,21,,,,,
https://nationalcareersservice.direct.gov.uk/advice/planning/jobprofiles/Pages/ConstructionManager,https://careers.sit.sfa.bis.gov.uk/job-profiles/construction-manager,24,,,,,
https://nationalcareersservice.direct.gov.uk/advice/planning/jobprofiles/Pages/FreightForwarder,https://careers.sit.sfa.bis.gov.uk/job-profiles/freight-forwarder,24,,,,,
https://nationalcareersservice.direct.gov.uk/advice/planning/jobprofiles/Pages/WebDesigner,https://careers.sit.sfa.bis.gov.uk/job-profiles/web-designer,28,,,,,
https://nationalcareersservice.direct.gov.uk/advice/planning/jobprofiles/Pages/PersonalAssistant,https://careers.sit.sfa.bis.gov.uk/job-profiles/personal-assistant,31,,,,,
https://nationalcareersservice.direct.gov.uk/advice/planning/jobprofiles/Pages/ComputerGamesTester,https://careers.sit.sfa.bis.gov.uk/job-profiles/computer-games-tester,34,,,,,
https://nationalcareersservice.direct.gov.uk/advice/planning/jobprofiles/Pages/OrderPicker,https://careers.sit.sfa.bis.gov.uk/job-profiles/order-picker,35,,,,,
https://nationalcareersservice.direct.gov.uk/advice/planning/jobprofiles/Pages/EarlyYearsTeacher,https://careers.sit.sfa.bis.gov.uk/job-profiles/early-years-teacher,37,,,,,
https://nationalcareersservice.direct.gov.uk/advice/planning/jobprofiles/Pages/PeTeacher,https://careers.sit.sfa.bis.gov.uk/job-profiles/pe-teacher,37,,,,,
https://nationalcareersservice.direct.gov.uk/advice/planning/jobprofiles/Pages/OffshoreDrillingWorker,https://careers.sit.sfa.bis.gov.uk/job-profiles/offshore-drilling-worker,38,,,,,
https://nationalcareersservice.direct.gov.uk/advice/planning/jobprofiles/Pages/LargeGoodsVehicleDriver,https://careers.sit.sfa.bis.gov.uk/job-profiles/large-goods-vehicle-driver,39,,,,,
https://nationalcareersservice.direct.gov.uk/advice/planning/jobprofiles/Pages/FitnessInstructor,https://careers.sit.sfa.bis.gov.uk/job-profiles/fitness-instructor,40,,,,,
https://nationalcareersservice.direct.gov.uk/advice/planning/jobprofiles/Pages/PrintingAssistant,https://careers.sit.sfa.bis.gov.uk/job-profiles/printing-assistant,41,,,,,
https://nationalcareersservice.direct.gov.uk/advice/planning/jobprofiles/Pages/GardenNurseryAssistant,https://careers.sit.sfa.bis.gov.uk/job-profiles/garden-nursery-assistant,44,,,,,
https://nationalcareersservice.direct.gov.uk/advice/planning/jobprofiles/Pages/Caretaker,https://careers.sit.sfa.bis.gov.uk/job-profiles/caretaker,46,,,,,
https://nationalcareersservice.direct.gov.uk/advice/planning/jobprofiles/Pages/SportsPhysiotherapist,https://careers.sit.sfa.bis.gov.uk/job-profiles/sports-physiotherapist,47,,,,,
https://nationalcareersservice.direct.gov.uk/advice/planning/jobprofiles/Pages/CompanySecretary,https://careers.sit.sfa.bis.gov.uk/job-profiles/company-secretary,48,,,,,
https://nationalcareersservice.direct.gov.uk/advice/planning/jobprofiles/Pages/ConstructionLabourer,https://careers.sit.sfa.bis.gov.uk/job-profiles/construction-labourer,50,,,,,
https://nationalcareersservice.direct.gov.uk/advice/planning/jobprofiles/Pages/Hairdresser,https://careers.sit.sfa.bis.gov.uk/job-profiles/hairdresser,54,,,,,
https://nationalcareersservice.direct.gov.uk/advice/planning/jobprofiles/Pages/MakeUpArtist,https://careers.sit.sfa.bis.gov.uk/job-profiles/make-up-artist,54,,,,,
https://nationalcareersservice.direct.gov.uk/advice/planning/jobprofiles/Pages/Scaffolder,https://careers.sit.sfa.bis.gov.uk/job-profiles/scaffolder,55,,,,,
https://nationalcareersservice.direct.gov.uk/advice/planning/jobprofiles/Pages/BeautyTherapist,https://careers.sit.sfa.bis.gov.uk/job-profiles/beauty-therapist,56,,,,,
https://nationalcareersservice.direct.gov.uk/advice/planning/jobprofiles/Pages/SchoolSecretary,https://careers.sit.sfa.bis.gov.uk/job-profiles/school-secretary,57,,,,,
https://nationalcareersservice.direct.gov.uk/advice/planning/jobprofiles/Pages/MortgageAdviser,https://careers.sit.sfa.bis.gov.uk/job-profiles/mortgage-adviser,58,,,,,
https://nationalcareersservice.direct.gov.uk/advice/planning/jobprofiles/Pages/PoliceOfficer,https://careers.sit.sfa.bis.gov.uk/job-profiles/police-officer,63,,,,,
https://nationalcareersservice.direct.gov.uk/advice/planning/jobprofiles/Pages/FuneralDirector,https://careers.sit.sfa.bis.gov.uk/job-profiles/funeral-director,64,,,,,
https://nationalcareersservice.direct.gov.uk/advice/planning/jobprofiles/Pages/PestControlTechnician,https://careers.sit.sfa.bis.gov.uk/job-profiles/pest-control-technician,64,,,,,
https://nationalcareersservice.direct.gov.uk/advice/planning/jobprofiles/Pages/SocialServicesManager,https://careers.sit.sfa.bis.gov.uk/job-profiles/social-services-manager,65,,,,,
https://nationalcareersservice.direct.gov.uk/advice/planning/jobprofiles/Pages/PaperMaker,https://careers.sit.sfa.bis.gov.uk/job-profiles/paper-maker,72,,,,,
https://nationalcareersservice.direct.gov.uk/advice/planning/jobprofiles/Pages/FarmWorker,https://careers.sit.sfa.bis.gov.uk/job-profiles/farm-worker,73,,,,,
https://nationalcareersservice.direct.gov.uk/advice/planning/jobprofiles/Pages/CountrysideRanger,https://careers.sit.sfa.bis.gov.uk/job-profiles/countryside-ranger,75,,,,,
https://nationalcareersservice.direct.gov.uk/advice/planning/jobprofiles/Pages/Archivist,https://careers.sit.sfa.bis.gov.uk/job-profiles/archivist,77,,,,,
https://nationalcareersservice.direct.gov.uk/advice/planning/jobprofiles/Pages/DentalTechnician,https://careers.sit.sfa.bis.gov.uk/job-profiles/dental-technician,77,,,,,
https://nationalcareersservice.direct.gov.uk/advice/planning/jobprofiles/Pages/MusicTherapist,https://careers.sit.sfa.bis.gov.uk/job-profiles/music-therapist,79,,,,,
https://nationalcareersservice.direct.gov.uk/advice/planning/jobprofiles/Pages/CarSalesperson,https://careers.sit.sfa.bis.gov.uk/job-profiles/car-salesperson,81,,,,,
https://nationalcareersservice.direct.gov.uk/advice/planning/jobprofiles/Pages/BuildingSiteInspector,https://careers.sit.sfa.bis.gov.uk/job-profiles/building-site-inspector,83,,,,,
https://nationalcareersservice.direct.gov.uk/advice/planning/jobprofiles/Pages/Librarian,https://careers.sit.sfa.bis.gov.uk/job-profiles/librarian,83,,,,,
https://nationalcareersservice.direct.gov.uk/advice/planning/jobprofiles/Pages/Solicitor,https://careers.sit.sfa.bis.gov.uk/job-profiles/solicitor,83,,,,,
https://nationalcareersservice.direct.gov.uk/advice/planning/jobprofiles/Pages/HigherEducationLecturer,https://careers.sit.sfa.bis.gov.uk/job-profiles/higher-education-lecturer,84,,,,,
,https://careers.sit.sfa.bis.gov.uk/job-profiles/electrical-engineer,85,,,,,
,https://careers.sit.sfa.bis.gov.uk/job-profiles/it-project-manager,89,,,,,
,https://careers.sit.sfa.bis.gov.uk/job-profiles/prop-maker,90,,,,,
,https://careers.sit.sfa.bis.gov.uk/job-profiles/civil-service-administrative-officer,91,,,,,
,https://careers.sit.sfa.bis.gov.uk/job-profiles/secondary-school-teacher,94,,,,,
,https://careers.sit.sfa.bis.gov.uk/job-profiles/paper-technologist,97,,,,,
,https://careers.sit.sfa.bis.gov.uk/job-profiles/diplomatic-service-officer,98,,,,,
,https://careers.sit.sfa.bis.gov.uk/job-profiles/playworker,98,,,,,
,https://careers.sit.sfa.bis.gov.uk/job-profiles/play-therapist,99,,,,,
,https://careers.sit.sfa.bis.gov.uk/job-profiles/maintenance-fitter,100,,,,,
,https://careers.sit.sfa.bis.gov.uk/job-profiles/retail-buyer,104,,,,,
,https://careers.sit.sfa.bis.gov.uk/job-profiles/stock-control-assistant,104,,,,,
,https://careers.sit.sfa.bis.gov.uk/job-profiles/systems-analyst,105,,,,,
,https://careers.sit.sfa.bis.gov.uk/job-profiles/customer-service-assistant,106,,,,,
,https://careers.sit.sfa.bis.gov.uk/job-profiles/marketing-manager,106,,,,,
,https://careers.sit.sfa.bis.gov.uk/job-profiles/veterinary-physiotherapist,106,,,,,
,https://careers.sit.sfa.bis.gov.uk/job-profiles/electronics-engineering-technician,108,,,,,
,https://careers.sit.sfa.bis.gov.uk/job-profiles/psychiatrist,108,,,,,
,https://careers.sit.sfa.bis.gov.uk/job-profiles/sports-coach,109,,,,,
,https://careers.sit.sfa.bis.gov.uk/job-profiles/dog-groomer,112,,,,,
,https://careers.sit.sfa.bis.gov.uk/job-profiles/industrial-cleaner,112,,,,,
,https://careers.sit.sfa.bis.gov.uk/job-profiles/market-trader,114,,,,,
,https://careers.sit.sfa.bis.gov.uk/job-profiles/watch-or-clock-repairer,115,,,,,
,https://careers.sit.sfa.bis.gov.uk/job-profiles/architect,120,,,,,
,https://careers.sit.sfa.bis.gov.uk/job-profiles/it-support-technician,121,,,,,
,https://careers.sit.sfa.bis.gov.uk/job-profiles/special-educational-needs-sen-teaching-assistant,121,,,,,
,https://careers.sit.sfa.bis.gov.uk/job-profiles/electrician,122,,,,,
,https://careers.sit.sfa.bis.gov.uk/job-profiles/satellite-engineer,123,,,,,
,https://careers.sit.sfa.bis.gov.uk/job-profiles/dental-hygienist,124,,,,,
,https://careers.sit.sfa.bis.gov.uk/job-profiles/surgeon,125,,,,,
,https://careers.sit.sfa.bis.gov.uk/job-profiles/aerospace-engineer,126,,,,,
,https://careers.sit.sfa.bis.gov.uk/job-profiles/biologist,127,,,,,
,https://careers.sit.sfa.bis.gov.uk/job-profiles/construction-site-supervisor,127,,,,,
,https://careers.sit.sfa.bis.gov.uk/job-profiles/conference-and-exhibition-manager,128,,,,,
,https://careers.sit.sfa.bis.gov.uk/job-profiles/stockbroker,128,,,,,
,https://careers.sit.sfa.bis.gov.uk/job-profiles/criminal-intelligence-analyst,129,,,,,
,https://careers.sit.sfa.bis.gov.uk/job-profiles/hotel-manager,134,,,,,
,https://careers.sit.sfa.bis.gov.uk/job-profiles/steel-erector,134,,,,,
,https://careers.sit.sfa.bis.gov.uk/job-profiles/insurance-underwriter,135,,,,,
,https://careers.sit.sfa.bis.gov.uk/job-profiles/newspaper-journalist,135,,,,,
,https://careers.sit.sfa.bis.gov.uk/job-profiles/butcher,136,,,,,
,https://careers.sit.sfa.bis.gov.uk/job-profiles/gardener,137,,,,,
,https://careers.sit.sfa.bis.gov.uk/job-profiles/army-officer,138,,,,,
,https://careers.sit.sfa.bis.gov.uk/job-profiles/cognitive-behavioural-therapist,140,,,,,
,https://careers.sit.sfa.bis.gov.uk/job-profiles/speech-and-language-therapist,140,,,,,
,https://careers.sit.sfa.bis.gov.uk/job-profiles/head-chef,141,,,,,
,https://careers.sit.sfa.bis.gov.uk/job-profiles/hotel-reservations-assistant,141,,,,,
,https://careers.sit.sfa.bis.gov.uk/job-profiles/learning-disability-nurse,141,,,,,
,https://careers.sit.sfa.bis.gov.uk/job-profiles/ofsted-inspector,141,,,,,
,https://careers.sit.sfa.bis.gov.uk/job-profiles/street-food-trader,141,,,,,
,https://careers.sit.sfa.bis.gov.uk/job-profiles/qcf-assessor,142,,,,,
,https://careers.sit.sfa.bis.gov.uk/job-profiles/podiatrist,144,,,,,
,https://careers.sit.sfa.bis.gov.uk/job-profiles/airline-pilot,145,,,,,
,https://careers.sit.sfa.bis.gov.uk/job-profiles/hospital-doctor,146,,,,,
,https://careers.sit.sfa.bis.gov.uk/job-profiles/windscreen-fitter,146,,,,,
,https://careers.sit.sfa.bis.gov.uk/job-profiles/tattooist,147,,,,,
,https://careers.sit.sfa.bis.gov.uk/job-profiles/dog-handler,149,,,,,
,https://careers.sit.sfa.bis.gov.uk/job-profiles/kitchen-assistant,150,,,,,
,https://careers.sit.sfa.bis.gov.uk/job-profiles/waiting-staff,151,,,,,
,https://careers.sit.sfa.bis.gov.uk/job-profiles/antique-dealer,152,,,,,
,https://careers.sit.sfa.bis.gov.uk/job-profiles/housing-officer,158,,,,,
,https://careers.sit.sfa.bis.gov.uk/job-profiles/chemist,160,,,,,
,https://careers.sit.sfa.bis.gov.uk/job-profiles/it-service-engineer,160,,,,,
,https://careers.sit.sfa.bis.gov.uk/job-profiles/textile-dyeing-technician,160,,,,,
,https://careers.sit.sfa.bis.gov.uk/job-profiles/drug-and-alcohol-worker,161,,,,,
,https://careers.sit.sfa.bis.gov.uk/job-profiles/supervisor,162,,,,,
,https://careers.sit.sfa.bis.gov.uk/job-profiles/actor,168,,,,,
,https://careers.sit.sfa.bis.gov.uk/job-profiles/plumber,168,,,,,
,https://careers.sit.sfa.bis.gov.uk/job-profiles/leather-craftworker,171,,,,,
,https://careers.sit.sfa.bis.gov.uk/job-profiles/vehicle-body-repairer,172,,,,,
,https://careers.sit.sfa.bis.gov.uk/job-profiles/franchise-owner,177,,,,,
,https://careers.sit.sfa.bis.gov.uk/job-profiles/secretary,178,,,,,
,https://careers.sit.sfa.bis.gov.uk/job-profiles/police-community-support-officer,179,,,,,
,https://careers.sit.sfa.bis.gov.uk/job-profiles/warehouse-manager,181,,,,,
,https://careers.sit.sfa.bis.gov.uk/job-profiles/airline-customer-service-agent,182,,,,,
,https://careers.sit.sfa.bis.gov.uk/job-profiles/textiles-production-manager,183,,,,,
,https://careers.sit.sfa.bis.gov.uk/job-profiles/electricity-generation-worker,184,,,,,
,https://careers.sit.sfa.bis.gov.uk/job-profiles/cnc-machinist,185,,,,,
,https://careers.sit.sfa.bis.gov.uk/job-profiles/leisure-centre-manager,186,,,,,
,https://careers.sit.sfa.bis.gov.uk/job-profiles/manufacturing-systems-engineer,186,,,,,
,https://careers.sit.sfa.bis.gov.uk/job-profiles/facilities-manager,187,,,,,
,https://careers.sit.sfa.bis.gov.uk/job-profiles/carpet-fitter-and-floor-layer,191,,,,,
,https://careers.sit.sfa.bis.gov.uk/job-profiles/arts-administrator,193,,,,,
,https://careers.sit.sfa.bis.gov.uk/job-profiles/product-designer,193,,,,,
,https://careers.sit.sfa.bis.gov.uk/job-profiles/research-scientist,193,,,,,
,https://careers.sit.sfa.bis.gov.uk/job-profiles/biomedical-scientist,194,,,,,
,https://careers.sit.sfa.bis.gov.uk/job-profiles/local-government-revenues-officer,194,,,,,
,https://careers.sit.sfa.bis.gov.uk/job-profiles/body-piercer,195,,,,,
,https://careers.sit.sfa.bis.gov.uk/job-profiles/advertising-art-director,196,,,,,
,https://careers.sit.sfa.bis.gov.uk/job-profiles/automotive-engineer,196,,,,,
,https://careers.sit.sfa.bis.gov.uk/job-profiles/health-records-clerk,196,,,,,
,https://careers.sit.sfa.bis.gov.uk/job-profiles/interior-designer,197,,,,,
,https://careers.sit.sfa.bis.gov.uk/job-profiles/civil-engineer,199,,,,,
,https://careers.sit.sfa.bis.gov.uk/job-profiles/tourist-guide,199,,,,,
,https://careers.sit.sfa.bis.gov.uk/job-profiles/tv-or-film-production-runner,200,,,,,
,https://careers.sit.sfa.bis.gov.uk/job-profiles/barista,201,,,,,
,https://careers.sit.sfa.bis.gov.uk/job-profiles/catering-manager,201,,,,,
,https://careers.sit.sfa.bis.gov.uk/job-profiles/air-traffic-controller,202,,,,,
,https://careers.sit.sfa.bis.gov.uk/job-profiles/primary-school-teacher,204,,,,,
,https://careers.sit.sfa.bis.gov.uk/job-profiles/pharmacy-technician,205,,,,,
,https://careers.sit.sfa.bis.gov.uk/job-profiles/psychologist,205,,,,,
,https://careers.sit.sfa.bis.gov.uk/job-profiles/fishing-boat-deckhand,206,,,,,
,https://careers.sit.sfa.bis.gov.uk/job-profiles/sports-scientist,206,,,,,
,https://careers.sit.sfa.bis.gov.uk/job-profiles/telephonist,206,,,,,
,https://careers.sit.sfa.bis.gov.uk/job-profiles/farmer,210,,,,,
,https://careers.sit.sfa.bis.gov.uk/job-profiles/nutritional-therapist,210,,,,,
,https://careers.sit.sfa.bis.gov.uk/job-profiles/textile-operative,210,,,,,
,https://careers.sit.sfa.bis.gov.uk/job-profiles/crane-driver,212,,,,,
,https://careers.sit.sfa.bis.gov.uk/job-profiles/manufacturing-supervisor,212,,,,,
,https://careers.sit.sfa.bis.gov.uk/job-profiles/merchant-navy-deck-officer,214,,,,,
,https://careers.sit.sfa.bis.gov.uk/job-profiles/sewing-machinist,214,,,,,
,https://careers.sit.sfa.bis.gov.uk/job-profiles/roofer,216,,,,,
,https://careers.sit.sfa.bis.gov.uk/job-profiles/residential-support-worker,218,,,,,
,https://careers.sit.sfa.bis.gov.uk/job-profiles/veterinary-nurse,218,,,,,
,https://careers.sit.sfa.bis.gov.uk/job-profiles/visual-merchandiser,219,,,,,
,https://careers.sit.sfa.bis.gov.uk/job-profiles/groundsperson,220,,,,,
,https://careers.sit.sfa.bis.gov.uk/job-profiles/kennel-worker,221,,,,,
,https://careers.sit.sfa.bis.gov.uk/job-profiles/pattern-grader,221,,,,,
,https://careers.sit.sfa.bis.gov.uk/job-profiles/packer,223,,,,,
,https://careers.sit.sfa.bis.gov.uk/job-profiles/pop-musician,223,,,,,
,https://careers.sit.sfa.bis.gov.uk/job-profiles/family-support-worker,225,,,,,
,https://careers.sit.sfa.bis.gov.uk/job-profiles/human-resources-officer,225,,,,,
,https://careers.sit.sfa.bis.gov.uk/job-profiles/bookbinder-or-print-finisher,226,,,,,
,https://careers.sit.sfa.bis.gov.uk/job-profiles/photographer,227,,,,,
,https://careers.sit.sfa.bis.gov.uk/job-profiles/paint-sprayer,228,,,,,
,https://careers.sit.sfa.bis.gov.uk/job-profiles/paralegal,228,,,,,
,https://careers.sit.sfa.bis.gov.uk/job-profiles/operational-researcher,230,,,,,
,https://careers.sit.sfa.bis.gov.uk/job-profiles/quarry-worker,231,,,,,
,https://careers.sit.sfa.bis.gov.uk/job-profiles/food-factory-worker,233,,,,,
,https://careers.sit.sfa.bis.gov.uk/job-profiles/primary-care-graduate-mental-health-worker,233,,,,,
,https://careers.sit.sfa.bis.gov.uk/job-profiles/school-matron,233,,,,,
,https://careers.sit.sfa.bis.gov.uk/job-profiles/footballer,234,,,,,
,https://careers.sit.sfa.bis.gov.uk/job-profiles/physiotherapist,234,,,,,
,https://careers.sit.sfa.bis.gov.uk/job-profiles/vending-machine-operator,235,,,,,
,https://careers.sit.sfa.bis.gov.uk/job-profiles/careers-adviser,237,,,,,
,https://careers.sit.sfa.bis.gov.uk/job-profiles/town-planner,237,,,,,
,https://careers.sit.sfa.bis.gov.uk/job-profiles/registrar-of-births-deaths-marriages-and-civil-partnerships,238,,,,,
,https://careers.sit.sfa.bis.gov.uk/job-profiles/restaurant-manager,239,,,,,
,https://careers.sit.sfa.bis.gov.uk/job-profiles/dispensing-optician,241,,,,,
,https://careers.sit.sfa.bis.gov.uk/job-profiles/car-manufacturing-worker,242,,,,,
,https://careers.sit.sfa.bis.gov.uk/job-profiles/nursery-worker,242,,,,,
,https://careers.sit.sfa.bis.gov.uk/job-profiles/nurse,245,,,,,
,https://careers.sit.sfa.bis.gov.uk/job-profiles/window-cleaner,245,,,,,
,https://careers.sit.sfa.bis.gov.uk/job-profiles/massage-therapist,247,,,,,
,https://careers.sit.sfa.bis.gov.uk/job-profiles/forensic-psychologist,248,,,,,
,https://careers.sit.sfa.bis.gov.uk/job-profiles/telecoms-engineer,248,,,,,
,https://careers.sit.sfa.bis.gov.uk/job-profiles/bus-or-coach-driver,251,,,,,
,https://careers.sit.sfa.bis.gov.uk/job-profiles/dance-movement-psychotherapist,251,,,,,
,https://careers.sit.sfa.bis.gov.uk/job-profiles/maternity-support-worker,251,,,,,
,https://careers.sit.sfa.bis.gov.uk/job-profiles/children&#39;s-nurse,252,,,,,
,https://careers.sit.sfa.bis.gov.uk/job-profiles/petrol-station-sales-assistant,256,,,,,
,https://careers.sit.sfa.bis.gov.uk/job-profiles/tree-surgeon,257,,,,,
,https://careers.sit.sfa.bis.gov.uk/job-profiles/prison-officer,259,,,,,
,https://careers.sit.sfa.bis.gov.uk/job-profiles/chemical-plant-process-operator,261,,,,,
,https://careers.sit.sfa.bis.gov.uk/job-profiles/publican,262,,,,,
,https://careers.sit.sfa.bis.gov.uk/job-profiles/youth-worker,262,,,,,
,https://careers.sit.sfa.bis.gov.uk/job-profiles/optometrist,264,,,,,
,https://careers.sit.sfa.bis.gov.uk/job-profiles/midwife,265,,,,,
,https://careers.sit.sfa.bis.gov.uk/job-profiles/care-escort,266,,,,,
,https://careers.sit.sfa.bis.gov.uk/job-profiles/painter-and-decorator,268,,,,,
,https://careers.sit.sfa.bis.gov.uk/job-profiles/management-accountant,269,,,,,
,https://careers.sit.sfa.bis.gov.uk/job-profiles/cement-maker,270,,,,,
,https://careers.sit.sfa.bis.gov.uk/job-profiles/hotel-porter,270,,,,,
,https://careers.sit.sfa.bis.gov.uk/job-profiles/senior-care-worker,270,,,,,
,https://careers.sit.sfa.bis.gov.uk/job-profiles/health-play-specialist,271,,,,,
,https://careers.sit.sfa.bis.gov.uk/job-profiles/taxi-driver,272,,,,,
,https://careers.sit.sfa.bis.gov.uk/job-profiles/firefighter,273,,,,,
,https://careers.sit.sfa.bis.gov.uk/job-profiles/forensic-scientist,273,,,,,
,https://careers.sit.sfa.bis.gov.uk/job-profiles/data-entry-clerk,274,,,,,
,https://careers.sit.sfa.bis.gov.uk/job-profiles/train-station-staff,278,,,,,
,https://careers.sit.sfa.bis.gov.uk/job-profiles/receptionist,279,,,,,
,https://careers.sit.sfa.bis.gov.uk/job-profiles/food-scientist,280,,,,,
,https://careers.sit.sfa.bis.gov.uk/job-profiles/production-worker-(manufacturing),281,,,,,
,https://careers.sit.sfa.bis.gov.uk/job-profiles/trade-union-official,282,,,,,
,https://careers.sit.sfa.bis.gov.uk/job-profiles/production-manager-manufacturing-,287,,,,,
,https://careers.sit.sfa.bis.gov.uk/job-profiles/merchant-navy-rating,289,,,,,
,https://careers.sit.sfa.bis.gov.uk/job-profiles/chef,292,,,,,
,https://careers.sit.sfa.bis.gov.uk/job-profiles/human-resources-manager,292,,,,,
,https://careers.sit.sfa.bis.gov.uk/job-profiles/water-treatment-worker,292,,,,,
,https://careers.sit.sfa.bis.gov.uk/job-profiles/accounting-technician,293,,,,,
,https://careers.sit.sfa.bis.gov.uk/job-profiles/pre-press-operator,293,,,,,
,https://careers.sit.sfa.bis.gov.uk/job-profiles/school-nurse,293,,,,,
,https://careers.sit.sfa.bis.gov.uk/job-profiles/horticultural-manager,294,,,,,
,https://careers.sit.sfa.bis.gov.uk/job-profiles/mp,296,,,,,
,https://careers.sit.sfa.bis.gov.uk/job-profiles/cleaner,298,,,,,
,https://careers.sit.sfa.bis.gov.uk/job-profiles/office-manager,298,,,,,
,https://careers.sit.sfa.bis.gov.uk/job-profiles/bank-manager,300,,,,,
,https://careers.sit.sfa.bis.gov.uk/job-profiles/education-technician,300,,,,,
,https://careers.sit.sfa.bis.gov.uk/job-profiles/quality-control-assistant,300,,,,,
,https://careers.sit.sfa.bis.gov.uk/job-profiles/quality-assurance-manager,302,,,,,
,https://careers.sit.sfa.bis.gov.uk/job-profiles/glazier,304,,,,,
,https://careers.sit.sfa.bis.gov.uk/job-profiles/roustabout,304,,,,,
,https://careers.sit.sfa.bis.gov.uk/job-profiles/welfare-rights-officer,305,,,,,
,https://careers.sit.sfa.bis.gov.uk/job-profiles/recycling-operative,307,,,,,
,https://careers.sit.sfa.bis.gov.uk/job-profiles/rubber-process-worker,307,,,,,
,https://careers.sit.sfa.bis.gov.uk/job-profiles/human-resources-assistant,308,,,,,
,https://careers.sit.sfa.bis.gov.uk/job-profiles/fishmonger,309,,,,,
,https://careers.sit.sfa.bis.gov.uk/job-profiles/conservator,310,,,,,
,https://careers.sit.sfa.bis.gov.uk/job-profiles/customs-officer,311,,,,,
,https://careers.sit.sfa.bis.gov.uk/job-profiles/furniture-maker,317,,,,,
,https://careers.sit.sfa.bis.gov.uk/job-profiles/glassmaker,317,,,,,
,https://careers.sit.sfa.bis.gov.uk/job-profiles/mechanical-engineering-technician,317,,,,,
,https://careers.sit.sfa.bis.gov.uk/job-profiles/hotel-receptionist,322,,,,,
,https://careers.sit.sfa.bis.gov.uk/job-profiles/environmental-consultant,323,,,,,
,https://careers.sit.sfa.bis.gov.uk/job-profiles/fish-farmer,323,,,,,
,https://careers.sit.sfa.bis.gov.uk/job-profiles/education-welfare-officer,325,,,,,
,https://careers.sit.sfa.bis.gov.uk/job-profiles/security-officer,325,,,,,
,https://careers.sit.sfa.bis.gov.uk/job-profiles/chauffeur,326,,,,,
,https://careers.sit.sfa.bis.gov.uk/job-profiles/care-home-manager,328,,,,,
,https://careers.sit.sfa.bis.gov.uk/job-profiles/steel-fixer,328,,,,,
,https://careers.sit.sfa.bis.gov.uk/job-profiles/special-educational-needs-sen-teacher,329,,,,,
,https://careers.sit.sfa.bis.gov.uk/job-profiles/delivery-van-driver,331,,,,,
,https://careers.sit.sfa.bis.gov.uk/job-profiles/butler,332,,,,,
,https://careers.sit.sfa.bis.gov.uk/job-profiles/cemetery-worker,332,,,,,
,https://careers.sit.sfa.bis.gov.uk/job-profiles/choreographer,333,,,,,
,https://careers.sit.sfa.bis.gov.uk/job-profiles/technical-author,333,,,,,
,https://careers.sit.sfa.bis.gov.uk/job-profiles/barrister,334,,,,,
,https://careers.sit.sfa.bis.gov.uk/job-profiles/building-technician,335,,,,,
,https://careers.sit.sfa.bis.gov.uk/job-profiles/dental-nurse,337,,,,,
,https://careers.sit.sfa.bis.gov.uk/job-profiles/legal-secretary,337,,,,,
,https://careers.sit.sfa.bis.gov.uk/job-profiles/boat-builder,338,,,,,
,https://careers.sit.sfa.bis.gov.uk/job-profiles/marketing-executive,338,,,,,
,https://careers.sit.sfa.bis.gov.uk/job-profiles/environmental-health-officer,339,,,,,
,https://careers.sit.sfa.bis.gov.uk/job-profiles/shelf-filler,341,,,,,
,https://careers.sit.sfa.bis.gov.uk/job-profiles/warehouse-worker,341,,,,,
,https://careers.sit.sfa.bis.gov.uk/job-profiles/bookkeeper,342,,,,,
,https://careers.sit.sfa.bis.gov.uk/job-profiles/dry-cleaner,342,,,,,
,https://careers.sit.sfa.bis.gov.uk/job-profiles/tailor,342,,,,,
,https://careers.sit.sfa.bis.gov.uk/job-profiles/anaesthetist,345,,,,,
,https://careers.sit.sfa.bis.gov.uk/job-profiles/bodyguard,345,,,,,
,https://careers.sit.sfa.bis.gov.uk/job-profiles/emergency-medical-dispatcher,345,,,,,
,https://careers.sit.sfa.bis.gov.uk/job-profiles/social-worker,346,,,,,
,https://careers.sit.sfa.bis.gov.uk/job-profiles/mechanical-engineer,347,,,,,
,https://careers.sit.sfa.bis.gov.uk/job-profiles/practice-nurse,347,,,,,
,https://careers.sit.sfa.bis.gov.uk/job-profiles/health-and-safety-adviser,348,,,,,
,https://careers.sit.sfa.bis.gov.uk/job-profiles/motor-mechanic,348,,,,,
,https://careers.sit.sfa.bis.gov.uk/job-profiles/recruitment-consultant,348,,,,,
,https://careers.sit.sfa.bis.gov.uk/job-profiles/plastics-process-worker,350,,,,,
,https://careers.sit.sfa.bis.gov.uk/job-profiles/postman-or-postwoman,351,,,,,
,https://careers.sit.sfa.bis.gov.uk/job-profiles/refrigeration-and-air-conditioning-installer,351,,,,,
,https://careers.sit.sfa.bis.gov.uk/job-profiles/toolmaker,351,,,,,
,https://careers.sit.sfa.bis.gov.uk/job-profiles/town-planning-assistant,353,,,,,
,https://careers.sit.sfa.bis.gov.uk/job-profiles/beauty-consultant,355,,,,,
,https://careers.sit.sfa.bis.gov.uk/job-profiles/architectural-technologist,356,,,,,
,https://careers.sit.sfa.bis.gov.uk/job-profiles/fashion-designer,357,,,,,
,https://careers.sit.sfa.bis.gov.uk/job-profiles/welder,357,,,,,
,https://careers.sit.sfa.bis.gov.uk/job-profiles/gp-practice-manager,358,,,,,
,https://careers.sit.sfa.bis.gov.uk/job-profiles/occupational-health-nurse,358,,,,,
,https://careers.sit.sfa.bis.gov.uk/job-profiles/purchasing-manager,358,,,,,
,https://careers.sit.sfa.bis.gov.uk/job-profiles/scenes-of-crime-officer,358,,,,,
,https://careers.sit.sfa.bis.gov.uk/job-profiles/tv-or-film-director,358,,,,,
,https://careers.sit.sfa.bis.gov.uk/job-profiles/network-engineer,359,,,,,
,https://careers.sit.sfa.bis.gov.uk/job-profiles/plasterer,360,,,,,
,https://careers.sit.sfa.bis.gov.uk/job-profiles/signalling-technician,360,,,,,
,https://careers.sit.sfa.bis.gov.uk/job-profiles/wedding-planner,360,,,,,
,https://careers.sit.sfa.bis.gov.uk/job-profiles/travel-agent,361,,,,,
,https://careers.sit.sfa.bis.gov.uk/job-profiles/train-conductor,362,,,,,
,https://careers.sit.sfa.bis.gov.uk/job-profiles/animal-care-worker,363,,,,,
,https://careers.sit.sfa.bis.gov.uk/job-profiles/web-editor,363,,,,,
,https://careers.sit.sfa.bis.gov.uk/job-profiles/hairdressing-salon-manager,364,,,,,
,https://careers.sit.sfa.bis.gov.uk/job-profiles/rail-engineering-technician,368,,,,,
,https://careers.sit.sfa.bis.gov.uk/job-profiles/refuse-collector,370,,,,,
,https://careers.sit.sfa.bis.gov.uk/job-profiles/private-investigator,371,,,,,
,https://careers.sit.sfa.bis.gov.uk/job-profiles/credit-manager,373,,,,,
,https://careers.sit.sfa.bis.gov.uk/job-profiles/events-manager,373,,,,,
,https://careers.sit.sfa.bis.gov.uk/job-profiles/machine-printer,373,,,,,
,https://careers.sit.sfa.bis.gov.uk/job-profiles/blacksmith,374,,,,,
,https://careers.sit.sfa.bis.gov.uk/job-profiles/bailiff,378,,,,,
,https://careers.sit.sfa.bis.gov.uk/job-profiles/cinema-or-theatre-attendant,378,,,,,
,https://careers.sit.sfa.bis.gov.uk/job-profiles/management-consultant,378,,,,,
,https://careers.sit.sfa.bis.gov.uk/job-profiles/airport-baggage-handler,379,,,,,
,https://careers.sit.sfa.bis.gov.uk/job-profiles/vet,379,,,,,
,https://careers.sit.sfa.bis.gov.uk/job-profiles/computer-games-developer,380,,,,,
,https://careers.sit.sfa.bis.gov.uk/job-profiles/care-worker,382,,,,,
,https://careers.sit.sfa.bis.gov.uk/job-profiles/physiotherapy-assistant,383,,,,,
,https://careers.sit.sfa.bis.gov.uk/job-profiles/ambulance-care-assistant,385,,,,,
,https://careers.sit.sfa.bis.gov.uk/job-profiles/art-therapist,385,,,,,
,https://careers.sit.sfa.bis.gov.uk/job-profiles/forklift-driver,385,,,,,
,https://careers.sit.sfa.bis.gov.uk/job-profiles/garment-technologist,385,,,,,
,https://careers.sit.sfa.bis.gov.uk/job-profiles/road-worker,385,,,,,
,https://careers.sit.sfa.bis.gov.uk/job-profiles/soldier,388,,,,,
,https://careers.sit.sfa.bis.gov.uk/job-profiles/animator,389,,,,,
,https://careers.sit.sfa.bis.gov.uk/job-profiles/pipe-fitter,389,,,,,
,https://careers.sit.sfa.bis.gov.uk/job-profiles/chimney-sweep,390,,,,,
,https://careers.sit.sfa.bis.gov.uk/job-profiles/counsellor,390,,,,,
,https://careers.sit.sfa.bis.gov.uk/job-profiles/library-assistant,390,,,,,
,https://careers.sit.sfa.bis.gov.uk/job-profiles/occupational-therapist,391,,,,,
,https://careers.sit.sfa.bis.gov.uk/job-profiles/nanny,393,,,,,
,https://careers.sit.sfa.bis.gov.uk/job-profiles/personal-trainer,393,,,,,
,https://careers.sit.sfa.bis.gov.uk/job-profiles/forestry-worker,396,,,,,
,https://careers.sit.sfa.bis.gov.uk/job-profiles/housekeeper,399,,,,,
,https://careers.sit.sfa.bis.gov.uk/job-profiles/nursery-manager,399,,,,,
,https://careers.sit.sfa.bis.gov.uk/job-profiles/dentist,400,,,,,
,https://careers.sit.sfa.bis.gov.uk/job-profiles/pharmacy-assistant,400,,,,,
,https://careers.sit.sfa.bis.gov.uk/job-profiles/dietitian,403,,,,,
,https://careers.sit.sfa.bis.gov.uk/job-profiles/car-valet,404,,,,,
,https://careers.sit.sfa.bis.gov.uk/job-profiles/telesales-executive,405,,,,,
,https://careers.sit.sfa.bis.gov.uk/job-profiles/assembler,406,,,,,
,https://careers.sit.sfa.bis.gov.uk/job-profiles/design-and-development-engineer,406,,,,,
,https://careers.sit.sfa.bis.gov.uk/job-profiles/driving-instructor,410,,,,,
,https://careers.sit.sfa.bis.gov.uk/job-profiles/nutritionist,410,,,,,
,https://careers.sit.sfa.bis.gov.uk/job-profiles/software-developer,411,,,,,
,https://careers.sit.sfa.bis.gov.uk/job-profiles/proofreader,413,,,,,
,https://careers.sit.sfa.bis.gov.uk/job-profiles/radiographer,415,,,,,
,https://careers.sit.sfa.bis.gov.uk/job-profiles/business-project-manager,416,,,,,
,https://careers.sit.sfa.bis.gov.uk/job-profiles/upholsterer,416,,,,,
,https://careers.sit.sfa.bis.gov.uk/job-profiles/graphic-designer,417,,,,,
,https://careers.sit.sfa.bis.gov.uk/job-profiles/tax-adviser,417,,,,,
,https://careers.sit.sfa.bis.gov.uk/job-profiles/clinical-psychologist,418,,,,,
,https://careers.sit.sfa.bis.gov.uk/job-profiles/gp,418,,,,,
,https://careers.sit.sfa.bis.gov.uk/job-profiles/life-coach,418,,,,,
,https://careers.sit.sfa.bis.gov.uk/job-profiles/pensions-administrator,419,,,,,
,https://careers.sit.sfa.bis.gov.uk/job-profiles/headteacher,422,,,,,
,https://careers.sit.sfa.bis.gov.uk/job-profiles/dental-therapist,423,,,,,
,https://careers.sit.sfa.bis.gov.uk/job-profiles/public-relations-officer,424,,,,,
,https://careers.sit.sfa.bis.gov.uk/job-profiles/social-work-assistant,425,,,,,
,https://careers.sit.sfa.bis.gov.uk/job-profiles/carpenter,426,,,,,
,https://careers.sit.sfa.bis.gov.uk/job-profiles/teaching-assistant,426,,,,,
,https://careers.sit.sfa.bis.gov.uk/job-profiles/biochemist,428,,,,,
,https://careers.sit.sfa.bis.gov.uk/job-profiles/bookmaker,428,,,,,
,https://careers.sit.sfa.bis.gov.uk/job-profiles/paramedic,428,,,,,
,https://careers.sit.sfa.bis.gov.uk/job-profiles/learning-mentor,430,,,,,
,https://careers.sit.sfa.bis.gov.uk/job-profiles/betting-shop-cashier,432,,,,,
,https://careers.sit.sfa.bis.gov.uk/job-profiles/florist,432,,,,,
,https://careers.sit.sfa.bis.gov.uk/job-profiles/actuary,433,,,,,
,https://careers.sit.sfa.bis.gov.uk/job-profiles/chemical-engineer,434,,,,,
,https://careers.sit.sfa.bis.gov.uk/job-profiles/civil-enforcement-officer,434,,,,,
,https://careers.sit.sfa.bis.gov.uk/job-profiles/school-crossing-patrol,434,,,,,
,https://careers.sit.sfa.bis.gov.uk/job-profiles/diver,435,,,,,
,https://careers.sit.sfa.bis.gov.uk/job-profiles/garage-manager,436,,,,,
,https://careers.sit.sfa.bis.gov.uk/job-profiles/pharmacist,439,,,,,
,https://careers.sit.sfa.bis.gov.uk/job-profiles/probation-officer,439,,,,,
,https://careers.sit.sfa.bis.gov.uk/job-profiles/credit-controller,440,,,,,
,https://careers.sit.sfa.bis.gov.uk/job-profiles/foundry-mould-maker,440,,,,,
,https://careers.sit.sfa.bis.gov.uk/job-profiles/financial-adviser,442,,,,,
,https://careers.sit.sfa.bis.gov.uk/job-profiles/rspca-inspector,442,,,,,
,https://careers.sit.sfa.bis.gov.uk/job-profiles/electronics-engineer,443,,,,,
,https://careers.sit.sfa.bis.gov.uk/job-profiles/healthcare-assistant,443,,,,,
,https://careers.sit.sfa.bis.gov.uk/job-profiles/highways-cleaner,443,,,,,
,https://careers.sit.sfa.bis.gov.uk/job-profiles/marine-engineer,443,,,,,
,https://careers.sit.sfa.bis.gov.uk/job-profiles/district-nurse,444,,,,,
,https://careers.sit.sfa.bis.gov.uk/job-profiles/zookeeper,446,,,,,
,https://careers.sit.sfa.bis.gov.uk/job-profiles/train-driver,447,,,,,
,https://careers.sit.sfa.bis.gov.uk/job-profiles/laboratory-technician,452,,,,,
,https://careers.sit.sfa.bis.gov.uk/job-profiles/web-developer,452,,,,,
,https://careers.sit.sfa.bis.gov.uk/job-profiles/rail-track-maintenance-worker,453,,,,,
,https://careers.sit.sfa.bis.gov.uk/job-profiles/network-manager,456,,,,,
,https://careers.sit.sfa.bis.gov.uk/job-profiles/border-force-officer,457,,,,,
,https://careers.sit.sfa.bis.gov.uk/job-profiles/zoologist,458,,,,,
,https://careers.sit.sfa.bis.gov.uk/job-profiles/tv-presenter,460,,,,,
,https://careers.sit.sfa.bis.gov.uk/job-profiles/fashion-model,461,,,,,
,https://careers.sit.sfa.bis.gov.uk/job-profiles/football-coach,463,,,,,
,https://careers.sit.sfa.bis.gov.uk/job-profiles/health-visitor,468,,,,,
,https://careers.sit.sfa.bis.gov.uk/job-profiles/land-surveyor,468,,,,,
,https://careers.sit.sfa.bis.gov.uk/job-profiles/nail-technician,468,,,,,
,https://careers.sit.sfa.bis.gov.uk/job-profiles/studio-sound-engineer,469,,,,,
,https://careers.sit.sfa.bis.gov.uk/job-profiles/quantity-surveyor,470,,,,,
,https://careers.sit.sfa.bis.gov.uk/job-profiles/probation-services-officer,471,,,,,
,https://careers.sit.sfa.bis.gov.uk/job-profiles/air-cabin-crew,473,,,,,
,https://careers.sit.sfa.bis.gov.uk/job-profiles/cad-technician,473,,,,,
,https://careers.sit.sfa.bis.gov.uk/job-profiles/mental-health-nurse,475,,,,,
,https://careers.sit.sfa.bis.gov.uk/job-profiles/sexual-health-adviser,477,,,,,
,https://careers.sit.sfa.bis.gov.uk/job-profiles/baker,479,,,,,
,https://careers.sit.sfa.bis.gov.uk/job-profiles/estimator,481,,,,,
,https://careers.sit.sfa.bis.gov.uk/job-profiles/medical-secretary,481,,,,,
,https://careers.sit.sfa.bis.gov.uk/job-profiles/childminder,482,,,,,
,https://careers.sit.sfa.bis.gov.uk/job-profiles/admin-assistant,485,,,,,
,https://careers.sit.sfa.bis.gov.uk/job-profiles/call-centre-operator,485,,,,,
,https://careers.sit.sfa.bis.gov.uk/job-profiles/market-researcher,485,,,,,
,https://careers.sit.sfa.bis.gov.uk/job-profiles/sales-assistant,485,,,,,
,https://careers.sit.sfa.bis.gov.uk/job-profiles/sales-supervisor,485,,,,,
,https://careers.sit.sfa.bis.gov.uk/job-profiles/health-service-manager,486,,,,,
,https://careers.sit.sfa.bis.gov.uk/job-profiles/religious-leader,486,,,,,
,https://careers.sit.sfa.bis.gov.uk/job-profiles/hospital-porter,488,,,,,
,https://careers.sit.sfa.bis.gov.uk/job-profiles/supply-chain-manager,488,,,,,
,https://careers.sit.sfa.bis.gov.uk/job-profiles/fish-frier,489,,,,,
,https://careers.sit.sfa.bis.gov.uk/job-profiles/bricklayer,490,,,,,
,https://careers.sit.sfa.bis.gov.uk/job-profiles/construction-plant-operator,490,,,,,
,https://careers.sit.sfa.bis.gov.uk/job-profiles/estate-agent,490,,,,,
,https://careers.sit.sfa.bis.gov.uk/job-profiles/archaeologist,491,,,,,
,https://careers.sit.sfa.bis.gov.uk/job-profiles/wine-merchant,492,,,,,
,https://careers.sit.sfa.bis.gov.uk/job-profiles/further-education-lecturer,493,,,,,
,https://careers.sit.sfa.bis.gov.uk/job-profiles/immigration-officer,495,,,,,
,https://careers.sit.sfa.bis.gov.uk/job-profiles/roofing-labourer,495,,,,,
,https://careers.sit.sfa.bis.gov.uk/job-profiles/prison-governor,496,,,,,
,https://careers.sit.sfa.bis.gov.uk/job-profiles/car-rental-agent,497,,,,,
,https://careers.sit.sfa.bis.gov.uk/job-profiles/school-lunchtime-supervisor,498,,,,,
,https://careers.sit.sfa.bis.gov.uk/job-profiles/agricultural-contractor,500,,,,,